naslov,cena_eur,lokacija,kvadratura,broj_soba,cena_po_m2
"Lux trosoban stan 75m2, odlicna lokacija",325000,"Beograd, Opština Palilula, Hadžipopovac",75.0,3.5,4333.333333333333
Duplex 118 m² kod Đeram pijace,349000,"Beograd, Opština Zvezdara, Đeram pijaca, Pećska",118.0,5.0,2957.6271186440677
"BLOK 61 u parku kod vrtića, miran, odličan 2,5",230000,"Beograd, Opština Novi Beograd, Blok 61, Dr Ivana Ribara",66.0,2.5,3484.848484848485
Renoviran i funkcionalan stan u bloku 63,300000,"Beograd, Opština Novi Beograd, Blok 63, Gandijeva",73.0,3.0,4109.58904109589
Jajinci Zelena Oaza premijum stan 4.0,205000,"Beograd, Opština Voždovac, Jajinci, Ilije Petrovića",97.0,4.0,2113.40206185567
"Stan sa dve spavaće sobe, uknjižen u novogradnji",107000,"Beograd, Opština Grocka, Kaluđerica",50.0,2.5,2140.0
"Trosoban stan u West kuli, Novi Beograd, 95m2",530000,"Beograd, Opština Novi Beograd, Blok 65, Omladinskih brigada",95.0,3.0,5578.9473684210525
"Prodaja trosobnog stana u Soul 64, parking mesto",389250,"Beograd, Opština Novi Beograd, Blok 64, Omladinskih brigada",75.0,3.0,5190.0
"Odlican 1.5, odmah useljiv, stan u novogradnji!",87650,"Beograd, Opština Palilula, Kotež, Veletinska",37.38,1.5,2344.836811128946
"Sunnyville – Nov, prelep porodični stan 67m²",217000,"Beograd, Opština Palilula, Višnjička Banja, Mirka Milojkovića",67.0,3.0,3238.805970149254
"Zemun, novogradnja - 2.0 stan, 43m2",121000,"Beograd, Opština Zemun, Ugrinovačka, Ugrinovačka",43.0,2.0,2813.953488372093
"Lux renoviran, uknjižen, svetao, odmah useljiv",94900,"Beograd, Opština Palilula, Centar, Ruzveltova",25.0,0.5,3796.0
"Mirijevo, lux novogradnja, extra lokacija",96870,"Beograd, Opština Zvezdara, Mirijevo, Šejkina",32.29,2.0,3000.0
"4.0 stan na Novom Beogradu u Bloku 19A, 98m2",329000,"Beograd, Opština Novi Beograd, Blok 19a, Vladimira Popovića",98.0,4.0,3357.1428571428573
"Moderan 4.5 dupleks kod Đeram pijace, Pećska 118m2",349000,"Beograd, Opština Zvezdara, Đeram pijaca, Pećska",118.0,4.5,2957.6271186440677
"3.0 Filmski grad, uknjižen",210000,"Beograd, Opština Čukarica, Filmski grad, Slobodana Perovića",80.0,3.0,2625.0
Odlican stan kod Gospodara Vucica-bez provizije,130200,"Beograd, Opština Zvezdara, Denkova bašta",42.0,2.0,3100.0
3.0 nov Lux namesten stan na Altini 58.8m2,112000,"Beograd, Opština Zemun, Altina, Simona Bolivara",58.8,3.0,1904.7619047619048
Prodaje se funkcionalan stan u bloku 72,219000,"Beograd, Opština Novi Beograd, Blok 72, Dr Ivana Ribara",73.0,2.5,3000.0
Vračar - Mileševska ID#4898,219900,"Beograd, Opština Vračar, Centar, Mileševska",40.0,1.5,5497.5
NOV trosoban stan 63 m2 u blizini Zemunskih kapija,194870,"Beograd, Opština Zemun, Gornji grad",63.0,3.0,3093.1746031746034
Vračar Hram Svetog Save sa garažom preporuka,339000,"Beograd, Opština Vračar, Hram svetog Save, Svetog Save",72.0,3.0,4708.333333333333
Vracar Hram nov lux retko u ponudi,439000,"Beograd, Opština Vračar, Kalenić pijaca, Novopazarska",78.0,3.0,5628.205128205128
Odlican stan sa lepim pogledom!,177000,"Beograd, Opština Zvezdara, Lion, Bulevar kralja Aleksandra",50.0,2.5,3540.0
Stanovi na Kredit od 41 do 69 m2,132800,"Beograd, Opština Novi Beograd, Ledine, MIODRAGA PETROVIĆA ČKALJE 2a",41.5,2.0,3200.0
"Nov, uknjižen, Medak padina",140000,"Beograd, Opština Zvezdara, Zvezdara 3, Dušana Dude Timotijevića",65.0,3.0,2153.846153846154
Retenzija – Uknjižen – Odmah useljiv,225000,"Beograd, Opština Zemun, Retenzija, Prve pruge",57.0,2.0,3947.3684210526317
"Dvostrano orijentisan- 3.0, odlična lokacija ID#16",305500,"Beograd, Opština Zvezdara, Crveni krst, Kajmakčalanska",65.0,3.0,4700.0
"Dedinje, 4.0 stan ,mereno 103 m2 ID#16030",470000,"Beograd, Opština Savski venac, Dedinje, Koste Racina",89.0,4.0,5280.898876404494
Savršen trosoban stan,220000,"Beograd, Opština Voždovac, Banjica, Bulevar oslobođenja",77.0,3.0,2857.1428571428573
Savršen jednosoban stan,94000,"Beograd, Opština Rakovica, Petlovo brdo, Gočka",38.0,1.0,2473.684210526316
"2.0 Nov stan, Parking mesto gratis, Miljakovac 3",104000,"Beograd, Opština Rakovica, Miljakovac, Marka Stojkovića",40.0,2.0,2600.0
"BW, Metropoliten, pogled na reku, trosoban, luks",435000,"Beograd, Opština Savski venac, Beograd na vodi, Bulevar Vudroa Vilsona",82.0,3.0,5304.878048780488
"Uknjižen, 1.5 stan, namešten",122400,"Beograd, Opština Rakovica, Vidikovačka padina, Prvoboraca",42.0,1.5,2914.285714285714
"Dupleks, renoviran, 75 kvm",160000,"Beograd, Opština Rakovica, Novo Skojevsko naselje, Luke Vojvodića",60.0,3.0,2666.6666666666665
Vojislava Ilića - 118m2 - Lipov lad,369000,"Beograd, Opština Zvezdara, Lipov lad, Vojislava Ilića",118.0,5.0,3127.1186440677966
"Nov 1.5 stan u ulici Cara Dušana, Zemun 36m2",139680,"Beograd, Opština Zemun, Gornji grad, Cara Dušana",36.0,1.5,3880.0
"Borca,37kv+terasa",98000,"Beograd, Opština Palilula, Borča, Niška",37.0,1.0,2648.6486486486488
"Leštane 42m2, 2.0",76000,"Beograd, Opština Grocka, Leštane, Smederevski put",42.0,2.0,1809.5238095238096
"Bulevar oslobođenja, Voždovac 76m2 top ponuda",295000,"Beograd, Opština Voždovac, Bulevar oslobođenja, Bulevar oslobođenja",76.0,2.0,3881.5789473684213
"Ekskluzivna ponuda, WEST 65 kula, 124m2, lux 4.0",650000,"Beograd, Opština Novi Beograd, Blok 65, Tadije Sondermajera",124.0,4.0,5241.935483870968
Uknjižen odličan stan na sjajnoj lokaciji,299900,"Beograd, Opština Vračar, Čubura, Šumatovačka",73.0,3.0,4108.219178082192
Zemun Square residence,175000,"Beograd, Opština Zemun, Ugrinovačka, Baranjska",50.0,2.0,3500.0
Hitna prodaja! Belmondo Ispod cene. Useljivo,449350,"Beograd, Opština Novi Beograd, Blok 65, ",116.15,3.0,3868.7042617305206
Nov.Ultra Lux. Namešten. Garaža. Trostran. Savršen,600000,"Beograd, Opština Savski venac, Stadion Crvene zvezde, ",117.0,4.0,5128.205128205128
Nov. Trostran. Između Pinka i Us ambasade!,560000,"Beograd, Opština Savski venac, Dedinje, ",160.0,4.0,3500.0
Novi Beograd-Ledine-Novogradnja-2.0-Parking mesto,99000,"Beograd, Opština Novi Beograd, Ledine",43.0,2.0,2302.3255813953488
Novi Beograd-Ledine-66m2-Novogradnja-Parking ID#33,165000,"Beograd, Opština Novi Beograd, Ledine",66.0,2.5,2500.0
Fantastična ponuda. Vrtovi Ceraka. Hitno,266000,"Beograd, Opština Rakovica, Vidikovac, ",89.0,4.0,2988.7640449438204
"4.0 lux, svetao, kompletno renoviran stan",350000,"Beograd, Opština Zvezdara, Gradska bolnica, Preševska",100.0,4.0,3500.0
LUKSUZAN stan 196 m² u jednom nivou-Neimarski park,882000,"Beograd, Opština Vračar, Hram svetog Save, Mihaila Gavrilovića",196.0,5.0,4500.0
Retko u ponudi komforan stan - Barajevo,79000,"Beograd, Opština Barajevo, Barajevo (mesto), Carice Milice",66.0,2.5,1196.969696969697
Surčin-Vojvodjanska-Novogradnja ID#3274,166800,"Beograd, Opština Surčin, Surčin (mesto), Vojvođanska",79.0,3.0,2111.3924050632913
BW-Beograd na vodi-Trosoban-Garažno mesto ID#3285,399000,"Beograd, Opština Savski venac, Beograd na vodi, Luke Ćelovića Trebinjca",87.0,3.0,4586.206896551724
Novogradnja u Prvomajskoj useljenje 2027. godine,178750,"Beograd, Opština Zemun, Prvomajska, Prvomajska",65.0,2.5,2750.0
"Airport Garden, Novogradnja,Lux,2.0,Plaćen pdv",238000,"Beograd, Opština Novi Beograd, Blok 65",55.36,2.0,4299.132947976878
Luksuzno renoviran 4.0 uknjižen stan na Dorćolu,289000,"Beograd, Opština Stari grad, Dorćol, Visokog Stevana",93.0,4.0,3107.52688172043
"Useljiv, legalizacija, opis u tekstu oglasa",71000,"Beograd, Opština Novi Beograd, Ledine, Danice Kojić",49.0,2.5,1448.9795918367347
"TOP ponuda, LUX, 68m2, 3.0, salonac, Kneza Danila",289000,"Beograd, Opština Palilula, Poštanska štedionica, Kneza Danila",68.0,3.0,4250.0
Troiposobni stan - Poslovni apartman u kompleksu V,263648,"Beograd, Opština Voždovac, Vojvode Stepe, Vojvode Stepe",99.49,3.5,2649.9949743692837
Stan sa sopstvenim dvorištem - uz Savu,269000,"Beograd, Opština Novi Beograd, Blok 45 (TC Enjub), Nehruova",73.0,2.5,3684.931506849315
Ekskluzivan stan kod Hrama sa 2 garazna mesta,902000,"Beograd, Opština Vračar, Hram svetog Save",167.0,4.0,5401.197604790419
Biser Mirijeva,160000,"Beograd, Opština Zvezdara, Mirijevo, Nevenke Urbanove",49.73,2.0,3217.373818620551
"Pogled na Dunav, uknjižen, jednosoban",159000,"Beograd, Opština Stari grad, Dunavski kej, Tadeuša Košćuška",28.0,1.0,5678.571428571428
"Izuzetna novogradnja, 1.0, Mirijevo 3",74800,"Beograd, Opština Zvezdara, Mirijevo",31.18,1.0,2398.973701090443
"Oaza Mirijevo, Dva bela goluba, Lux stan",133000,"Beograd, Opština Zvezdara, Mirijevo, Dva bela goluba",44.0,1.5,3022.7272727272725
Karaburma- renorviran - za preporuku 42+10 (trem),105000,"Beograd, Opština Palilula, Karaburma, Husinskih rudara",42.0,1.0,2500.0
Svetao stan kod Bul. Kralja Aleksandra,120000,"Beograd, Opština Zvezdara, Bulevar kralja Aleksandra, Voje Veljkovića",29.0,1.0,4137.931034482759
"Renoviran, kompletno namešten, investicija ID#1327",141000,"Beograd, Opština Zvezdara, Denkova bašta, Kovačeva",40.0,2.0,3525.0
"Renoviran stan sa dvorištem, kod Bogoslovije ID#13",138200,"Beograd, Opština Palilula, Bogoslovija, ",52.0,3.0,2657.6923076923076
"Fontana, 77m2, adaptibilan u 3.5, parking",205000,"Beograd, Opština Novi Beograd, Fontana, Pariske komune",77.0,2.0,2662.3376623376626
"NEVEROVATNA ponuda! Salonac,duplex,Vojvode Stepe!",230000,"Beograd, Opština Voždovac, Vojvode Stepe, Vojvode Stepe",128.0,5.0,1796.875
Novogradnja Ledine,103500,"Beograd, Opština Surčin, Ledine",46.23,2.5,2238.805970149254
Extra lux stan u izgradnji-bez provizije,306000,"Beograd, Opština Savski venac, Humska",68.0,3.0,4500.0
"Lako adaptibilan u 1.5, uknjižen",119900,"Beograd, Opština Zemun, Save Kovačevića, Sava Burića",41.0,1.0,2924.390243902439
"Surčin, novogradnja, prvi sprat, rok sept. 2026. g",69900,"Beograd, Opština Surčin, Surčin (mesto), ",29.48,1.0,2371.099050203528
"Uknjižen stan, bez ulaganja - Karaburma ID#4134",79900,"Beograd, Opština Palilula, Karaburma, Dr Drage Ljočić",28.0,0.5,2853.5714285714284
Ekskluzivan salonac u Svetog Save,830000,"Beograd, Opština Vračar, Hram svetog Save, Svetog Save",190.0,4.0,4368.421052631579
"3.0 stan, južno orjentisan, 81+9m2 ID#1077",270000,"Beograd, Opština Novi Beograd, Blok 70 (kineski tržni centar), Jurija Gagarina",81.0,3.0,3333.3333333333335
"Apartman 32m² – Bali Colloseum Altina, lift, renta",63500,"Beograd, Opština Zemun, Altina, Ugrinovački put 22. deo",32.0,1.0,1984.375
VRAČAR (Kalenić) – 44m² •2.0.Podrum 10m² ✨,220000,"Beograd, Opština Vračar, Hram svetog Save, Kursulina",42.0,2.0,5238.0952380952385
"Top-Renoviran 3.0 stan, uknjižen, može na kredit",179500,"Beograd, Opština Voždovac, Autokomanda",49.0,3.0,3663.265306122449
"Porodičan stan, lux, na izuzetnoj lokaciji ID#1245",268450,"Beograd, Opština Zvezdara, Denkova bašta, ",91.0,4.0,2950.0
"Blok 45, prvi red do Save, sa baštom",269000,"Beograd, Opština Novi Beograd, Blok 45 (TC Enjub), Nehruova",73.0,2.0,3684.931506849315
"Žarkovo – porodičan stan, 80m²",249000,"Beograd, Opština Čukarica, Žarkovo, Poručnika Spasića i Mašere",80.0,4.0,3112.5
"Jedan od najpovoljnijih renoviranih, uknjiženih st",155000,"Beograd, Opština Zvezdara, Mirijevo, Petrarkina",63.0,2.5,2460.3174603174602
"Umka, Zelengorska, 39m2, terasa, odličan",85000,"Beograd, Opština Čukarica, Umka, Zelengorska",39.0,1.5,2179.4871794871797
"Panorama 26 - trosoban stan, 77 m², Novi Beograd",498900,"Beograd, Opština Novi Beograd, Blok 26, Bulevar Mihajla Pupina",77.23,3.0,6459.924899650395
"Blok 19a Sava Centar, 5 soba jedinstven, opremljen",460000,"Beograd, Opština Novi Beograd, Blok 19a, Bulevar Arsenija Čarnojevića",132.0,5.0,3484.848484848485
Trosoban stan sa velikim potencijalom.,129000,"Beograd, Opština Zvezdara, Mirijevo, Meše Selimovića",67.0,3.0,1925.3731343283582
Novogradnja dr Velizara Kosanovića,268450,"Beograd, Opština Zvezdara, Denkova bašta, Dr Velizara Kosanovića",91.0,3.5,2950.0
Lux opremljen stan na Vozdovcu,200000,"Beograd, Opština Voždovac, Vojvode Vlahovića, Dukatska",70.0,3.0,2857.1428571428573
Golf - 1.5 - namešten - parking - 1% provizija,128000,"Beograd, Opština Čukarica, Banovo brdo, Beogradskog bataljona",29.0,1.5,4413.793103448276
Potpuno opremljena garsonjera na prodaju,83000,"Beograd, Opština Zvezdara, Mirijevo, Mirijevski venac",28.0,1.0,2964.285714285714
"Dvosoban, adaptibilan u dvoiposoban, Vračar-centar",235000,"Beograd, Opština Vračar, Kalenić pijaca, Hadži Ruvimova",57.0,2.0,4122.80701754386
"Garsonjera kod Cvetkove Pijace, Odeska ID#3811",114000,"Beograd, Opština Zvezdara, Cvetkova pijaca, Odeska",31.0,0.5,3677.4193548387098
"2.5 stan u Zemunu, Ohridska ID#3650",164000,"Beograd, Opština Zemun, Gornji grad, Ohridska",62.0,2.5,2645.1612903225805
Extra lux stan u Djordja Vajferta-bez provizije,652500,"Beograd, Opština Vračar, Čubura",145.0,3.0,4500.0
Komforan stan sa 3 garazna mesta na Crvenom krstu,560000,"Beograd, Opština Vračar, Crveni krst, Niska",151.0,5.0,3708.609271523179
Brz povrat investicije,620000,"Beograd, Opština Savski venac, Beograd na vodi, ",144.0,4.0,4305.555555555556
2.0 stan-Retenzija-Prve Pruge ID#3836,225000,"Beograd, Opština Zemun, Retenzija, Prve pruge",58.0,2.0,3879.310344827586
"4.0 lux stan kod Đeram pijace, Branka Krsmanovića",380000,"Beograd, Opština Zvezdara, Đeram pijaca, Branka Krsmanovića",98.0,4.0,3877.5510204081634
Sergeja Jesenjina - Trosoban - 52 m² + dve terase,115000,"Beograd, Opština Zemun, Zemun polje, Sergeja Jesenjina",52.0,3.0,2211.5384615384614
Stan u novogradnji,145960,"Beograd, Opština Grocka, Kaluđerica, Mokroluška",83.41,3.5,1749.910082723894
Lux trosoban sa garazom-fiksna cena bez provizije,500000,"Beograd, Opština Zvezdara, Zvezdarska šuma, Dragiše Lapčevića",100.0,3.5,5000.0
BW Aria - Penthouse,620000,"Beograd, Opština Savski venac, Beograd na vodi, Bulevar Vudroa Vilsona",144.0,4.0,4305.555555555556
Green Home - novogradnja sa privatnim dvorištem,111000,"Beograd, Opština Zemun, Batajnicki drum, Stevana Dubajića",46.09,2.0,2408.3315252766324
Miljana Miljanića - kompletno namešten mali stan,75000,"Beograd, Opština Voždovac, Vojvode Vlahovića, Miljana Miljanića",22.0,1.0,3409.090909090909
"Fontana, 62m2 + 15m2, uknjižen",205000,"Beograd, Opština Novi Beograd, Fontana, Pariske komune",62.0,2.0,3306.451612903226
Namešten trosoban stan u Braće Jerković,249000,"Beograd, Opština Voždovac, Braće Jerković, Indire Gandi",84.0,3.0,2964.285714285714
Konjarnik- Ustanička – renoviran stan 37 m²,137900,"Beograd, Opština Voždovac, Konjarnik, Ustanička",37.0,1.5,3727.027027027027
"Batajnica centar, novogradnja, 3,0, 65,04m2",149600,"Beograd, Opština Zemun, Batajnica, Jovana Brankovića",65.04,3.0,2300.123001230012
"Luksuzna novogradnja, retko u ponudi ID#1383",247500,"Beograd, Opština Novi Beograd, Blok 65, Đorđa Stanojevića",55.0,2.0,4500.0
"Lokacija, uknjižen, parking!",205000,"Beograd, Opština Novi Beograd, Fontana, Pariske Komune",62.0,2.0,3306.451612903226
Kompletno Renoviran,155000,"Beograd, Opština Novi Beograd, Blok 21, Bulevar Mihaila Pupina",29.0,1.0,5344.827586206897
Novogradnja odmah useljivo,100800,"Beograd, Opština Grocka, Kaluđerica, Vojvode Stepe Stepanovića",56.0,2.5,1800.0
"Ekskluzivan 3.0 stan na Dedinju, panoramski pogled",625000,"Beograd, Opština Savski venac, Dedinje, ",111.0,3.0,5630.630630630631
Odličan porodični stan 83m² – Vojvode Stepe (kod S,259000,"Beograd, Opština Voždovac, Vojvode Stepe, Vojvode Stepe",83.0,3.0,3120.4819277108436
Bulevar JNA Jajinci 42m2 (direktno od investitora),92400,"Beograd, Opština Voždovac, Jajinci, Bulevar JNA",42.0,1.5,2200.0
Oaza mira na Bežanijskoj Kosi,285000,"Beograd, Opština Novi Beograd, Bežanijska kosa 1, Stojana Aralice",67.0,3.0,4253.731343283582
Trosoban stan kod Miljakovačke šume,157300,"Beograd, Opština Rakovica, Centar",65.0,3.0,2420.0
Renoviran 3.0 stan – Beogradska ID#2906,279000,"Beograd, Opština Vračar, Krunski venac, Beogradska",70.0,3.0,3985.714285714286
"Wellport, nov, 2.0, neuseljivan, prelep pogled",250000,"Beograd, Opština Novi Beograd, Blok 65, Tadije Sondermajera",55.0,2.0,4545.454545454545
Moderno renoviran 2.0 stan u Mirijevu,155000,"Beograd, Opština Zvezdara, Mirijevo, Petrarkina",63.0,2.0,2460.3174603174602
"Dvosoban stan 42 m², Borča, Palilula, Beograd",84000,"Beograd, Opština Palilula, Borča, Mihaila Šolohova",42.0,2.5,2000.0
Stan sa karakterom u srcu grada,315000,"Beograd, Opština Stari grad, Centar",78.0,3.0,4038.4615384615386
Trosoban stan sa puno potencijala Stanoja Glavaša,319000,"Beograd, Opština Palilula, 27. marta, Stanoja Glavaša",98.0,3.0,3255.1020408163267
Bw Lumia 3.0 namešten,375000,"Beograd, Opština Savski venac, Beograd na vodi, Luke Celovica Trebinjca",78.0,3.0,4807.692307692308
"Četvorosoban stan, 116m2 - Uskoro useljiv",504020,"Beograd, Opština Voždovac, Lekino brdo, Gospodara Vučića",116.0,3.0,4345.0
"Karaburma 46m2 , terasa 14m2, pogled na Dunav",146000,"Beograd, Opština Palilula, Karaburma, Marijane Gregoran",60.0,2.0,2433.3333333333335
"Trosoban stan 97m2, Kneza Miloša Residence",550000,"Beograd, Opština Savski venac, Kneza Miloša, Sarajevska",97.0,3.0,5670.103092783505
Premium penthouse 206m2 sa krovnom terasom 180m2,2000000,"Beograd, Opština Savski venac, Senjak",206.0,4.0,9708.73786407767
"Prodaja trosobnog stana 91m2, Balkanska",435000,"Beograd, Opština Savski venac, Balkanska, Balkanska",91.0,3.0,4780.219780219781
"Prodaja dvosobnog stana, Wellport IV faza, 57m2",251000,"Beograd, Opština Novi Beograd, Blok 65, Tadije Sondermajera",57.05,2.0,4399.649430324277
"Opremljen četvorosoban stan, 2 garažna mesta",400000,"Beograd, Opština Novi Beograd, Blok 63, Vojvođanska",100.0,4.0,4000.0
Neuseljavan dvoiposoban stan kod Đeram pijace,300000,"Beograd, Opština Zvezdara, Đeram pijaca, Đevđelijska",67.0,2.5,4477.611940298508
"Novogradnja Ustanička, uracunat PDV, bez provizije",267000,"Beograd, Opština Voždovac, Ustanička, Ustanička",77.13,2.5,3461.6880591209647
"LUX 3.0 stan , 2 terase, lift, ID#1017",290000,"Beograd, Opština Novi Beograd, Bežanijska kosa 1, Dragiše Brašovana",81.0,3.0,3580.246913580247
Stambeno - poslovni kompleks Vidikovac Vista,184800,"Beograd, Opština Rakovica, Vidikovac, Kneza Višeslava 63",60.56,3.0,3051.5191545574635
Izuzetan stan na prodaju kod Mašinskog fakulteta,245000,"Beograd, Opština Palilula, Mašinski fakultet, Ivankovačka",80.0,3.0,3062.5
"Lux stan, 2xparking.",381300,"Beograd, Opština Voždovac, Voždovačka crkva",123.0,4.5,3100.0
"Stan na odličnoj lokaciji – Tašmajdan, 27. marta",239000,"Beograd, Opština Palilula, 27. marta, 27. marta",49.0,2.5,4877.551020408163
"Uknjižen, svetao, fantastičan pogled",164000,"Beograd, Opština Zemun, Save Kovačevića, Ohridska",62.0,2.5,2645.1612903225805
"Vračar, Mileševska – prostran trosoban stan 84 m²",315000,"Beograd, Opština Vračar, Kalenić pijaca, Mileševska",84.0,3.0,3750.0
Bulevar Despota Stefana | Hala Pionir,198000,"Beograd, Opština Palilula, Bulevar despota Stefana, Bulevar Despota Stefana",49.0,2.0,4040.816326530612
Centar Koste Stojanovica Old Town Regency novograd,445000,"Beograd, Opština Stari grad, Skupština, Koste Stojanovića",80.0,3.0,5562.5
Bw Victoria One Bedroom,418000,"Beograd, Opština Savski venac, Beograd na vodi, ",69.13,2.0,6046.578909301316
"Bw Lumia 3.0 namešten, odlična pozicija",380000,"Beograd, Opština Savski venac, Beograd na vodi, Luke Celovica Trebinjca",79.0,3.0,4810.126582278481
"Prostran 3.5 stan, nov parket i kupatila, tri lođe",250000,"Beograd, Opština Vračar, Čubura, Cara Nikolaja",84.0,3.5,2976.190476190476
"Bw Riviera, PrestiŽ Na 24. Spratu",1498000,"Beograd, Opština Savski venac, Beograd na vodi, ",187.25,4.0,8000.0
Bw Perla Prestiz na 22. spratu sa pogledom na reku,995000,"Beograd, Opština Savski venac, Beograd na vodi, ",146.06,4.0,6812.268930576475
Bw Thalia Penthouse,727550,"Beograd, Opština Savski venac, Beograd na vodi, ",145.51,4.0,5000.0
"Zvezdara, Đeram pijaca - Pećska",349000,"Beograd, Opština Zvezdara, Đeram pijaca, Pećska",118.0,5.0,2957.6271186440677
"Stan sa pogledom na Hram, retko na tržištu",1300000,"Beograd, Opština Vračar, Hram svetog Save, Bore Stankovića",182.0,4.5,7142.857142857143
BW Victoria - Spa centar - Četvorosoban stan,832860,"Beograd, Opština Savski venac, Beograd na vodi, Hercegovačka",139.0,4.0,5991.798561151079
BW Eden - Apollo centar - Spreman za useljenje,270000,"Beograd, Opština Savski venac, Beograd na vodi, Luke Ćelovića Trebinjca",54.93,2.0,4915.3468050245765
Direktno od investitora - Četvorosban stan,591600,"Beograd, Opština Voždovac, Centar, Jove Ilića",131.48,4.0,4499.5436568299365
Namešten 2.0 soban u kvalitetnoj novogradnji,97000,"Beograd, Opština Zemun, Batajnica, Belarica 59 nova",37.0,2.0,2621.6216216216217
Uknjižen 2.0 ugao Ustaničke i Vojislava Ilića,188000,"Beograd, Opština Zvezdara, Konjarnik, Glasinačka",58.0,2.0,3241.3793103448274
"Uknjižen, fantastičan stan",119000,"Beograd, Opština Mladenovac, Mladenovac (mesto)",83.0,2.5,1433.7349397590363
"Stan sa dvorištem, parking mestom i ostavom",105000,"Beograd, Opština Mladenovac, Mladenovac (mesto), Momčila Živojinovića",112.0,4.0,937.5
"Nov jednoiposoban stan 44,81 m² – Novi Beograd",152000,"Beograd, Opština Novi Beograd, Blok 72, Vinogradska",44.81,1.5,3392.0999776835524
"Wellport, izuzetan, garažno mesto, nov, useljiv",279500,"Beograd, Opština Novi Beograd, Blok 65, Tadije Sondermajera",59.0,2.0,4737.28813559322
"Slavija, Nemanjina 95 m2",365000,"Beograd, Opština Savski venac, Nemanjina, Nemanjina",95.0,3.5,3842.1052631578946
"Vračar 123m2, Hadži Đerina, Petosoban, Lux, Garaža",615000,"Beograd, Opština Vračar, Kalenić pijaca, Hadži Đerina",123.0,5.0,5000.0
Lep stan sa garažom kod Južnog Bulevara,275000,"Beograd, Opština Voždovac, Gospodara Vučića, Gospodara Vučića",71.0,3.0,3873.239436619718
Stan u Nehruovoj ulici 45m2,175000,"Beograd, Opština Novi Beograd, Blok 62, Nehruova",45.0,1.0,3888.8888888888887
Dorćol | Luksuzno renoviran stan,410000,"Beograd, Opština Stari grad, Studentski trg, Kapetan Mišina",68.4,3.0,5994.152046783625
"Blok 65, Wellport, 59m2 ID#14524",279500,"Beograd, Opština Novi Beograd, Blok 65, Tadije Sondermajera",59.0,2.0,4737.28813559322
Odličan renoviran stan u Belvilu,390000,"Beograd, Opština Novi Beograd, Blok 67 (Belvil), Bulevar Crvene Armije",106.0,3.0,3679.245283018868
Srce Vračara,230000,"Beograd, Opština Vračar, Cvetni trg, Desanke Maksimović",56.0,2.0,4107.142857142857
"Izuzetan, odmah useljiv stan, Bežanijska kosa",217000,"Beograd, Opština Novi Beograd, Bežanijska kosa 2, Marka Čelebonovića",64.0,2.0,3390.625
"Fontana, svetao, za adaptaciju",205000,"Beograd, Opština Novi Beograd, Fontana, Pariske komune",62.0,2.0,3306.451612903226
"Zemun, vrhunska lokacija",164000,"Beograd, Opština Zemun, Save Kovačevića, Ohridska",62.0,2.5,2645.1612903225805
"Renoviran stan u Zemunu, vrhunska prilika",205000,"Beograd, Opština Zemun, Save Kovačevića, Mića Radakovića",59.0,2.0,3474.576271186441
"Banovo brdo, renoviran - uknjižen",134000,"Beograd, Opština Čukarica, Banovo brdo, Stevana Brakusa",40.0,1.5,3350.0
Novogradnja Z1 Residence 44m2 + 20m2 Zvezdara,161800,"Beograd, Opština Zvezdara, Bulbulder, Ljubice Luković",66.0,1.5,2451.5151515151515
"Petlovo brdo, Tuzlanska ID#3166",95000,"Beograd, Opština Rakovica, Petlovo brdo, Tuzlanska",31.0,1.5,3064.516129032258
"Kanarevo brdo, Vukasovićeva ID#3005",125000,"Beograd, Opština Rakovica, Kanarevo brdo, Vukasovićeva",53.0,2.0,2358.490566037736
"Novogradnja, Zemun Gornji grad, 68,56m2",191968,"Beograd, Opština Zemun, Gornji grad, ",68.56,4.0,2800.0
"West 65, nov, atraktivan 3.0 stan",410000,"Beograd, Opština Novi Beograd, Blok 65, Omladinskih brigada",83.0,3.0,4939.759036144578
Savremen 1.5 stan u novogradnji – Park Šumice,177592,"Beograd, Opština Voždovac, Šumice",44.96,1.5,3950.0
"2.5, garažno mesto, izuzetna lokacija ID#1098",185000,"Beograd, Opština Zemun, Save Kovačevića",60.47,2.5,3059.3682817926247
"Trosoban, uknjižen, u blizini Prvomajske. ID#1110",164990,"Beograd, Opština Zemun, Centar, Milana Uzelca",71.0,3.0,2323.8028169014083
"Prvi sprat, garaža, u mirnom delu Zemuna ID#1259",154600,"Beograd, Opština Zemun, Gornji grad, ",48.0,2.5,3220.8333333333335
"Renovirano kupatilo i kuhinja, dvostran, II sprat",149000,"Beograd, Opština Palilula, Karaburma, ",54.0,2.0,2759.259259259259
"Lux, kompletno namešten, odličan za rentiranje ID#",135000,"Beograd, Opština Voždovac, Lekino brdo, ",31.0,1.0,4354.8387096774195
"3.5 stan na Zvezdari, Veljka Dugoševića ID#3787",185000,"Beograd, Opština Zvezdara, Zvezdarska šuma, Veljka Dugoševića",62.0,3.5,2983.8709677419356
41 m² + Parking | Beo Shopping | Denkova Bašta,125000,"Beograd, Opština Zvezdara, Denkova bašta, Paje Jovanovića",41.0,1.5,3048.7804878048782
BW Perla-ekskluzivan stan sa pogledom na reku,750000,"Beograd, Opština Savski venac, Beograd na vodi, Hercegovačka",117.83,3.0,6365.102265976407
BW Victoria-luksuzan threebedroom/pogled na reku,735000,"Beograd, Opština Savski venac, Beograd na vodi, Hercegovačka",128.11,4.0,5737.257044727187
"Veliki Mokri Lug, Dušana Dude Timotijevića, uknjiž",140000,"Beograd, Opština Zvezdara, Veliki Mokri Lug, Dušana Dude Timotijevića",65.0,3.0,2153.846153846154
Ekskluzivna prilika-stan sa ogromnim potencijalom,199000,"Beograd, Opština Čukarica, Banovo brdo",65.0,2.0,3061.5384615384614
Uknjižen renoviran dvoiposoban stan Karaburma,168000,"Beograd, Opština Palilula, Karaburma",55.0,2.5,3054.5454545454545
"Vojvode Stepe, četvorosoban sa garažom",269500,"Beograd, Opština Voždovac, Voždovačka crkva, Vojvode Stepe",76.0,4.0,3546.0526315789475
Autokomanda-prostran trosoban 93m² sa garažom ID#2,338000,"Beograd, Opština Voždovac, Autokomanda, Vojvode Stepe",93.0,3.0,3634.4086021505377
Duplex 145m²- Kumodraška ID#2903,530400,"Beograd, Opština Voždovac, Dušanovac, Kumodraška",145.0,5.0,3657.9310344827586
Novogradnja u Matice srpske – moderan stan na odli,130000,"Beograd, Opština Zvezdara, Mirijevo, Matice Srpske",64.0,2.5,2031.25
"Mirijevo– moderan stan,novogradnja lux ID#1648",129000,"Beograd, Opština Zvezdara, Mirijevo, ",58.04,3.0,2222.605099931082
Centar Beograda - Bulevar despota Stefana 49 m² ID,193000,"Beograd, Opština Palilula, Bulevar despota Stefana, Bulevar despota Stefana",54.0,2.0,3574.074074074074
"Kredit Borča 3,0 sa parking mestom",114900,"Beograd, Opština Palilula, Borča, Mihaila Šolohova",65.0,3.0,1767.6923076923076
"Ekskluzivan,uknjižen, kompletno namešten, duplex n",310000,"Beograd, Opština Voždovac, Lekino brdo, Cankareva",98.0,4.0,3163.265306122449
Retka prilika na Vračaru ID#16005,270000,"Beograd, Opština Vračar, Čubura, Generala Horvatovića",78.13,3.0,3455.7788301548703
"Izuzetno funkcionalan, uknjizen, odmah useljiv",138500,"Beograd, Opština Zvezdara, Konjarnik, Olge Alkalaj",36.0,1.5,3847.222222222222
Vidikovac,129000,"Beograd, Opština Rakovica, Vidikovac, Vidikovački venac",28.0,1.5,4607.142857142857
Salonski dvoiposoban stan 57m2 sa parkingom,258000,"Beograd, Opština Stari grad, Skadarlija, Bulevar despota Stefana",57.0,2.5,4526.315789473684
Luksuzan salonski stan kod Skupštine-Kosovska,417000,"Beograd, Opština Stari grad, Skupština, Kosovska",87.0,3.0,4793.103448275862
LUX 4.0 stan sa panoramskim pogledom,610000,"Beograd, Opština Savski venac, Beograd na vodi, Hercegovačka",124.0,4.0,4919.354838709677
"Višnjička banja, crvena fasadna cigla",185000,"Beograd, Opština Palilula, Višnjička Banja, Slobodana Jovanovića",67.0,2.5,2761.194029850746
"Zemun Kej, 78(2L) delimično pogled na Dunav",265000,"Beograd, Opština Zemun, Kej",78.0,2.5,3397.4358974358975
U ponudi je stan na izuzetno atraktivnoj lokaciji,234900,"Beograd, Opština Voždovac, Šumice, Vidska",72.0,2.5,3262.5
"Stari grad, Bajloni, 104+20, sređen, polunamešten",395000,"Beograd, Opština Stari grad, Gundulićev venac, Šantićeva",104.0,4.0,3798.076923076923
"Bogoslovija, 53kvm, 3-s., CG, + parking-zakup",139000,"Beograd, Opština Palilula, Bogoslovija, Mije Kovačevića",53.0,2.5,2622.6415094339623
"Odlična prilika, 55m2, uknjižen",137500,"Beograd, Opština Čukarica, Banovo brdo, Udbinska",55.0,2.0,2500.0
"Braće Jerković, trosoban",230000,"Beograd, Opština Voždovac, Braće Jerković, Braće Jerković",91.0,3.0,2527.4725274725274
K-District. Namešten i nov. Garaža u ceni,419000,"Beograd, Opština Stari grad, Dorćol, Dunavska",68.0,2.0,6161.764705882353
"Bežanijska kosa II, stan za preporuku ID#25241",335000,"Beograd, Opština Novi Beograd, Bežanijska kosa 2, Marka Čelebonovića",96.0,4.0,3489.5833333333335
Zepterra 05 | Blok 65 | Kompletno namešten | Odlič,329000,"Beograd, Opština Novi Beograd, Blok 65, ",70.0,3.0,4700.0
Stan sa odvojenom spavaćom i pogledom na prirodu,107622,"Beograd, Opština Voždovac, Banjica, ",39.76,1.5,2706.790744466801
"NOV uknjižen, miran, velika terasa 28 kvm",148000,"Beograd, Opština Zvezdara, Gradska bolnica, Dimitrija Katića",56.0,1.5,2642.8571428571427
komforna garsonjera u prizemlju,77500,"Beograd, Opština Palilula, Višnjička Banja, Batočinska",28.0,0.5,2767.8571428571427
"U ponudi stan, Glasinačka, Konjarnik",152000,"Beograd, Opština Voždovac, Konjarnik, Glasinačka",45.0,1.0,3377.777777777778
"Kvalitetno renoviran, odlična lokacija",168000,"Beograd, Opština Palilula, Karaburma, Pera Ćetkovića",55.0,2.5,3054.5454545454545
"Bežanijska Kosa 1, 59m2 +10m2 renoviran",245000,"Beograd, Opština Novi Beograd, Bežanijska kosa 1, Marka Čelebonovića",69.0,2.0,3550.7246376811595
"Izuzetan stan, 4.0, Denkova bašta",268450,"Beograd, Opština Zvezdara, Denkova bašta",90.89,4.0,2953.570249752448
"Renoviran duplex stan na odličnoj lokaciji, Stari",215000,"Beograd, Opština Stari grad, Dorćol, Đorđa Jovanovića",54.0,3.0,3981.4814814814813
Salonski stan na Banovom brdu,270000,"Beograd, Opština Čukarica, Banovo brdo, Nikolaja Gogolja",98.0,4.0,2755.1020408163267
"Vračar (Šumatovačka ulica), 84 m2, Banat Gradnja",319200,"Beograd, Opština Vračar, Južni bulevar, Šumatovačka",84.0,3.5,3800.0
"Odlična prilika, porodičan 4.0, luks novogradnja",286700,"Beograd, Opština Voždovac, Autokomanda, Kumodraška",94.0,4.0,3050.0
"2.5 stan, Južni bulevar-Deli Radivoja ID#3859",176000,"Beograd, Opština Voždovac, Lekino brdo, Deli Radivoja",49.0,2.5,3591.8367346938776
Lux duplex Crveni krst ID#16003,340000,"Beograd, Opština Zvezdara, Crveni krst, Prespanska",94.0,3.0,3617.021276595745
Stan sa pogledom na reku,999900,"Beograd, Opština Stari grad, Kosančićev venac, Karadjordjeva",175.0,5.0,5713.714285714285
"Salonac, Brankova, 1.sprat ID#25622",265000,"Beograd, Opština Stari grad, Centar, Brankova",61.0,2.0,4344.262295081967
"Kod BEO Shopping centra, Uknjizen. Moze na kredit",141000,"Beograd, Opština Zvezdara, Denkova bašta, Kovačeva",39.0,2.0,3615.3846153846152
"Uknjižen, sa parkingom - Cvetanova ćuprija ID#4116",135000,"Beograd, Opština Zvezdara, Cvetanova ćuprija, Mihajla Kostića Pljake",47.0,2.5,2872.340425531915
Vračar -Metohijska -uknjižen - bespl.parking,202000,"Beograd, Opština Vračar, Crveni krst, ",53.0,2.0,3811.3207547169814
Novogradnja u Mirijevu,112000,"Beograd, Opština Zvezdara, Mirijevo, Nine Kirsanove",45.0,1.5,2488.8888888888887
Lux novogradnja 4.0 - Park Šumice,325171,"Beograd, Opština Voždovac, Šumice",79.31,4.0,4100.0
"Odličan, 3.0, porodičan stan",314000,"Beograd, Opština Čukarica, Banovo brdo, Petra Lekovića",103.0,3.0,3048.5436893203882
Lux duplex u strogom centru grada - Kralja Petra,740000,"Beograd, Opština Stari grad, Dorćol",179.0,4.0,4134.078212290503
"Odličan dvosoban, blok 70a",219900,"Beograd, Opština Novi Beograd, Blok 70a, Dr Agostina Neta",67.0,2.0,3282.089552238806
"Zemun, fenomenalna lokacija i odlična investicija",97000,"Beograd, Opština Zemun, Cara Dušana, Cara Dušana",31.0,1.5,3129.032258064516
"Banovo Brdo, 3.0 + parking mesto",269000,"Beograd, Opština Čukarica, Banovo brdo",106.0,3.0,2537.735849056604
Odlican noviji manji stan u blizini Autokomande!,130000,"Beograd, Opština Voždovac, Autokomanda, Kumodraška",39.0,2.0,3333.3333333333335
"Zemun, Atanasija Pulje, 3.0 stan sa parking mestom",169000,"Beograd, Opština Zemun, Gornji grad, Atanasija Pulje",70.0,3.0,2414.285714285714
Odličan stan u samom centru,442000,"Beograd, Opština Stari grad, Trg Nikole Pašića, Dečanska",85.0,3.0,5200.0
Uknjižen 1.5 stan - kod škole ID#4244,93000,"Beograd, Opština Rakovica, Vidikovačka padina, 17. oktobra",30.0,1.5,3100.0
"Sređen, dupleks, savršena lokacija, Miljakovac",190000,"Beograd, Opština Rakovica, Miljakovac, Dimitrija Koturovića",117.0,3.0,1623.931623931624
"Fasadna cigla, duplex, Susedgradska",239000,"Beograd, Opština Rakovica, Vidikovac, Susedgradska",108.0,4.5,2212.962962962963
"Lux K-District, pogled na reku",777000,"Beograd, Opština Stari grad, Dorćol, Dunavska",152.0,4.0,5111.8421052631575
"Odlican 2.5 stan, centar Zemuna, park!",229000,"Beograd, Opština Zemun, Centar, Dr Miloša Radojčića",68.0,3.0,3367.6470588235293
"Vračar, Novopazarska – 3.0 sa garažnim mestom",415000,"Beograd, Opština Vračar, Kalenić pijaca, Novopazarska",83.0,3.0,5000.0
"Gornji grad, Dragana Rakica, 3.0, 84 m2, parking",295000,"Beograd, Opština Zemun, Gornji grad, Dragana Rakića",84.0,3.0,3511.904761904762
"Karaburma, Husinskih rudara",139900,"Beograd, Opština Palilula, Karaburma, Husinskih rudara",54.0,2.0,2590.740740740741
Blok 65 - Tadije Sondermajera,300000,"Beograd, Opština Novi Beograd, Blok 65, Tadije Sondermajera",58.0,2.0,5172.413793103448
West Tower | Blok 65 | Odličan raspored,650000,"Beograd, Opština Novi Beograd, Blok 65, ",123.0,4.0,5284.552845528456
BW Riviera 01 | Beograd na vodi | Pogled na reku,1000000,"Beograd, Opština Savski venac, Beograd na vodi",153.0,3.0,6535.9477124183
"Retko, namesten, pesacka zona",389000,"Beograd, Opština Stari grad, Knez Mihailova, Čika Ljubina",73.0,3.0,5328.767123287671
"Uknjizen, nov 3.0 stan, mogucnost kredita za mlade",134500,"Beograd, Opština Grocka, Kaluđerica, Kaluđerica",82.0,3.0,1640.2439024390244
"Airport garden, nov, neuseljavan",259800,"Beograd, Opština Novi Beograd, Blok 65, Đorđa Stanojevića",60.0,2.0,4330.0
Odmah useljiv 3.0 stan sa prelepim pogledom!,164000,"Beograd, Opština Zemun, Save Kovačevića, Ohridska",62.0,2.5,2645.1612903225805
Luksuzan Dvosoban Stan,138000,"Beograd, Opština Palilula, Karaburma, Dragoslava Srejovića",44.0,2.0,3136.3636363636365
Novi Beograd | Dušana Krstića | 77m2,200000,"Beograd, Opština Novi Beograd, Ledine, Dušana Krstića",77.0,3.0,2597.4025974025976
"Renoviran i namešten 2,5 stan 77 m² – Medaković 3",209000,"Beograd, Opština Zvezdara, Medaković 3, Braće Srnić",77.0,2.5,2714.285714285714
"Odlica stan,okruzen zelenilom,trostrano orjentisan",345000,"Beograd, Opština Voždovac, Šumice, Braće Kovač",99.0,3.5,3484.848484848485
"Batajnica, pretprodaja, 61.29 m2, cena + pdv",100293,"Beograd, Opština Zemun, Batajnica, ",61.29,3.0,1636.368086147822
"Batajnica, pretprodaja, 45.80 m2, cena + pdv",83272,"Beograd, Opština Zemun, Batajnica, ",45.8,1.5,1818.165938864629
"Novogradnja, Bulevar residence, 42.66 m2 + pdv",127980,"Beograd, Opština Zvezdara, Bulevar kralja Aleksandra, ",42.66,1.5,3000.0000000000005
"BW Perla, Ekskluzivan rezidencijalni prostor na 16",969000,"Beograd, Opština Savski venac, Beograd na vodi, Hercegovačka",150.0,4.0,6460.0
"Vidikovac, nov, odmah useljiv stan",188000,"Beograd, Opština Rakovica, Vidikovac, Kneza Višeslava",60.0,3.0,3133.3333333333335
"Novogradnja, Zemun, Železnička, 59,24m2, dvosoban",177000,"Beograd, Opština Zemun, Prvomajska, Železnička",59.24,2.0,2987.8460499662388
"Vojvode Vlahović, luks uknjižen stan",132000,"Beograd, Opština Zvezdara, Vojvode Vlahovića, Vojvode Vlahovića",43.0,2.0,3069.767441860465
"Ledine, ugao Surčinske i Valtrovićeve u izgradnji",170000,"Beograd, Opština Novi Beograd, Ledine, Valtrovićeva",64.0,3.0,2656.25
"Ledine, dvoiposoban stan u izgradnji",146000,"Beograd, Opština Novi Beograd, Ledine",55.0,2.5,2654.5454545454545
Prodaja: 2.5-soban stan (kuća u nizu) na Ceraku,195000,"Beograd, Opština Čukarica, Cerak, Kadinjača",62.0,2.5,3145.1612903225805
Četvorosoban dvoetažni stan Julino brdo,185000,"Beograd, Opština Čukarica, Julino brdo, Siniše Stankovića",75.0,4.0,2466.6666666666665
"Lekino Brdo Dvoiposoban stan 62,73m² – Lekino brd",250857,"Beograd, Opština Voždovac, Lekino brdo, Matuvljeva",62.74,3.0,3998.3583041122088
Blok 30 Stan 64m2 Dvosoban,230000,"Beograd, Opština Novi Beograd, Blok 30 (B92), Bulevar Mihajla Pupina",64.0,2.0,3593.75
Direktna prodaja-Luksuzna novogradnja-cena sa PDVo,153859,"Beograd, Opština Voždovac, Vojvode Vlahovića, Generala Đoke Popovića",58.28,3.0,2639.9965682910088
"Lux - Green Hill 184m2+60m2 T, 2 garazna mesta",989000,"Beograd, Opština Savski venac, Dedinje, Dr Vojislava Stojanovića",184.0,4.0,5375.0
"Luksuzan 4.0 stan,Sunnyville ID#12728",350000,"Beograd, Opština Palilula, Višnjička Banja, Mirka Milojkovića",122.0,4.0,2868.8524590163934
"Voždovac , 2.0 stan ID#15806",155000,"Beograd, Opština Voždovac, Kumodraž, Bulevar Peka Dapčevića",55.0,2.0,2818.181818181818
Odličan četvorosobni stan na Banjici,272700,"Beograd, Opština Voždovac, Banjica",88.0,4.0,3098.8636363636365
"Uknjižen, namešten, lokacija, investicija!",155000,"Beograd, Opština Novi Beograd, Blok 21, Bulevar Mihajla Pupina",29.0,1.0,5344.827586206897
"Odličan porodičan stan, Cerak Vinogradi",270000,"Beograd, Opština Čukarica, Cerak vinogradi, Lipa",94.0,4.0,2872.340425531915
"Vracar, Stojana Protica renoviran",300000,"Beograd, Opština Vračar, Hram svetog Save, Stojana Protića",72.0,2.5,4166.666666666667
Sjajna ponuda! Luksuzan stan kvalitetne gradnje!,275000,"Beograd, Opština Zvezdara, Mirijevo, Radivoja Markovića",110.0,4.0,2500.0
"Odmah useljiv, renoviran",132000,"Beograd, Opština Voždovac, Braće Jerković, Braće Jerković",29.0,1.5,4551.724137931034
"Izuzetna novogradnja, dve spavaće sobe + parking I",133584,"Beograd, Opština Rakovica, Miljakovac, ",55.66,2.5,2400.0
Lux novogradnja sa parking mestom ID#1300,76500,"Beograd, Opština Grocka, Kaluđerica, ",45.0,2.5,1700.0
"Izuzetan kvalitet gradnje, Kaluđerica ID#1301",68000,"Beograd, Opština Grocka, Kaluđerica",40.0,2.0,1700.0
"Blok 28, Milutina Milankovića, 56m2 2.5",201600,"Beograd, Opština Novi Beograd, Blok 28, ",56.0,2.5,3600.0
Novi Beograd-Wellport ID#1600,799000,"Beograd, Opština Novi Beograd, Blok 65, Omladinskih brigada",141.0,4.0,5666.666666666667
Novi Beograd-Kula West ID#1599,429000,"Beograd, Opština Novi Beograd, Blok 65, Omladinskih brigada",78.0,3.0,5500.0
Retko u ponudi,349000,"Beograd, Opština Stari grad, Takovska, Generala Lešjanina",90.0,4.0,3877.777777777778
"Lekino brdo, Tetovska 46 m2, Banat Gradnja, novo",152100,"Beograd, Opština Voždovac, Lekino brdo, Tetovska",39.0,2.0,3900.0
"LUX Hram svetog Save, uknjižen, može na kredit",249000,"Beograd, Opština Vračar, Hram svetog Save, Baba Višnjina",50.0,2.0,4980.0
"Palilula, Višnjička banja - Darinke Jevrić",269000,"Beograd, Opština Palilula, Višnjička Banja, Darinke Jevrić",93.0,3.0,2892.47311827957
"Palilula, Višnjička banja - Slanački put",265000,"Beograd, Opština Palilula, Višnjička Banja, Slanački put",67.0,3.0,3955.223880597015
"Odmah useljiv, sa pogledom",205000,"Beograd, Opština Voždovac, Banjica, Paunova",80.0,3.0,2562.5
Stan Durmitorska na prodaju,287600,"Beograd, Opština Savski venac, Sarajevska, Durmitorska",67.0,4.0,4292.537313432836
"Kolubarska, lux novogradnja",185455,"Beograd, Opština Voždovac, Ustanička, Kolubarska",51.05,1.5,3632.8109696376105
"Odičan 2.0 stan, useljiv krajem 2026.",226314,"Beograd, Opština Novi Beograd, Blok 64, Đorđa Stanojevića",59.09,2.0,3829.9881536639023
Bw Quartet4 Pogled na Kulu,349500,"Beograd, Opština Savski venac, Beograd na vodi, Nikolaja Kravcova",78.0,3.0,4480.7692307692305
Bw Iris 4.0 Panoramski Pogled useljiv odmah!,499500,"Beograd, Opština Savski venac, Beograd na vodi, Bulevar Vudroa Vilsona",111.0,4.0,4500.0
"Krunska,Molerova,raskošan salonac,odlicna zgrada.",310000,"Beograd, Opština Vračar, Krunska, Molerova",75.0,3.0,4133.333333333333
"Ekskluzivna ponuda. Lux, svetao, dvosoban stan.",141000,"Beograd, Opština Voždovac, Braće Jerković, Jovana Bijelića",37.3,2.0,3780.1608579088474
Lux 4.5 stan sa 2 parking mesta i velikom terasom!,381300,"Beograd, Opština Voždovac, Voždovačka crkva, Nikole Đurkovića",123.0,4.5,3100.0
"Blok 44 do Save, sjajan, 5 odvojenih soba, useljiv",335000,"Beograd, Opština Novi Beograd, Blok 44 (TC Piramida), Gandijeva",110.0,4.5,3045.4545454545455
"Belvil sređen, odmah useljiv, bez ulaganja",199000,"Beograd, Opština Novi Beograd, Blok 67 (Belvil), Bulevar Crvene Armije",45.0,1.5,4422.222222222223
48 m² | Parking | Zeleno dvorište | Bez ulaganja,156000,"Beograd, Opština Zemun, Gornji grad, Cara Dušana",48.0,2.0,3250.0
Novogradnja - porodični stan|Gornji Zemun,191996,"Beograd, Opština Zemun, Gornji grad",68.57,3.0,2800.0000000000005
"Duplex lux, retko u ponudi, mereno 196m2 ID#14453",300000,"Beograd, Opština Palilula, Borča, Mihaila Šolohova",180.0,5.0,1666.6666666666667
"Blok 21, 29m², 1.0 + terasa 60m², panoramski pogle",155000,"Beograd, Opština Novi Beograd, Blok 21, Bulevar Mihajla Pupina",29.0,1.0,5344.827586206897
Odličan blizu hrama - Отличная рядом с храмом,189000,"Beograd, Opština Vračar, Karađorđev park, Nebojšina",42.0,1.5,4500.0
LUX trosobni stan 93 m² sa garažom – Autokomanda,338000,"Beograd, Opština Voždovac, Autokomanda, Vojvode Stepe",93.0,3.0,3634.4086021505377
Odlican izvorno jednoiposoban namešten stan,112000,"Beograd, Opština Zvezdara, Cvetanova ćuprija, Mihajla Kostića Pljake",34.0,1.5,3294.1176470588234
"Mestroviceva,odlican,sredjen,uknjizen",191500,"Beograd, Opština Voždovac, Braće Jerković, Meštrovićeva",60.0,2.5,3191.6666666666665
"Novogradnja, Zemun Gornji grad, 74,54m2",208712,"Beograd, Opština Zemun, Gornji grad, ",74.54,4.0,2799.9999999999995
"Voždovac, Medakovićeva, 33m2 i dvorište",98000,"Beograd, Opština Voždovac, Medaković 1, Medakovićeva",33.0,1.5,2969.6969696969695
Duplex-stari cerak,200000,"Beograd, Opština Čukarica, Cerak, Šavnička",124.0,5.0,1612.9032258064517
"Sremčica, kompletno renoviran",175750,"Beograd, Opština Čukarica, Sremčica, Brusnička",95.0,3.5,1850.0
"Kanarevo brdo, Borska",110000,"Beograd, Opština Rakovica, Kanarevo brdo, Borska",38.0,1.5,2894.7368421052633
"Odličan raspored, lux, moguća kreditna kupovina ID",89093,"Beograd, Opština Zvezdara, Cvetanova ćuprija, ",38.74,2.0,2299.767681982447
"Izuzetna novogradnja, igralište za decu, parking I",94720,"Beograd, Opština Zvezdara, Cvetanova ćuprija, ",39.47,2.0,2399.7973144160123
Na sedam minuta udaljenosti od Autokomande ID#1194,95095,"Beograd, Opština Zvezdara, Cvetanova ćuprija, ",41.37,2.0,2298.646362098139
"Blok 28, renoviran, adaptiran stan, ID 25706",229000,"Beograd, Opština Novi Beograd, Blok 28, Bulevar Arsenija Čarnojevića",62.0,2.5,3693.548387096774
"1.0 stam u bloku 21 sa terasom od 60m2, Bul. Mihaj",155000,"Beograd, Opština Novi Beograd, Blok 21, Bulevar Mihajla Pupina",29.0,1.0,5344.827586206897
Novo na Voždovcu sa 4 spavaće,411900,"Beograd, Opština Voždovac, Dušanovac, Ustanička",135.0,5.0,3051.1111111111113
"Novo na Voždovcu, 2 spavaće sobe",192900,"Beograd, Opština Voždovac, Dušanovac, Ustanička",56.77,2.5,3397.9214373788973
"Renoviran, svetao, u parku, uknjižen,brzo useljiv",192900,"Beograd, Opština Zemun, Prvomajska, Prvomajska",64.0,2.0,3014.0625
2U1 perfektan uknjižen brzo useljiv stan,341000,"Beograd, Opština Zvezdara, Vukov Spomenik, Đuke Dinić",83.0,3.5,4108.433734939759
Lux useljiv u Stambenom Kompleksu kod nove Crkve,118000,"Beograd, Opština Novi Beograd, Ledine, MIODRAGA PETROVIĆA ČKALJE",43.0,2.0,2744.186046511628
Extra lux stan na Crvenom Krstu-bez provizije,247500,"Beograd, Opština Vračar, Crveni krst",55.0,2.0,4500.0
Lux penthaus sa dve garaze+krovna terasa (140m2),1100000,"Beograd, Opština Vračar, Krunski venac",149.0,5.0,7382.5503355704695
Extra lux stan sa garazom i dvoristem-bez provizij,929000,"Beograd, Opština Savski venac, Dedinje, Veljka Lukića Kurjaka",210.0,4.0,4423.809523809524
"Odličan, namešten 2.5 stan",175500,"Beograd, Opština Zvezdara, Vojvode Vlahovića, Milovana Vidakovića",54.0,2.5,3250.0
"Miodraga Živanovića, uknjižen, 2.0",155000,"Beograd, Opština Voždovac, Vojvode Vlahovića, Vojvode Vlahovića",45.0,2.0,3444.4444444444443
Renoviran,217000,"Beograd, Opština Čukarica, Cerak vinogradi, Vinogradski venac",62.0,2.5,3500.0
"Jednoiposoban stan, parking mesto I dvoriste",130000,"Beograd, Opština Rakovica, Vidikovačka padina, Prvoboraca",37.0,1.5,3513.5135135135133
Top lokacija - lux stan,228000,"Beograd, Opština Čukarica, Cerak vinogradi, Lipa",59.0,2.0,3864.406779661017
"Miljakovac 3, uknjižen, komforan",110000,"Beograd, Opština Rakovica, Miljakovac, Kapablankina",47.0,1.5,2340.425531914894
"Pravi trosoban stan, kod Maxija",187000,"Beograd, Opština Rakovica, Miljakovac, Bogdana Žerajića",75.0,3.0,2493.3333333333335
"Vračar, funkcionalan 3.5 stan",270000,"Beograd, Opština Vračar, Crveni krst, Svetolika Rankovića",77.0,3.5,3506.4935064935066
"Odličan, adaptibilan, 54+7 lođa",175000,"Beograd, Opština Rakovica, Miljakovac, Stevana Opačića",61.0,2.0,2868.8524590163934
Porodičan stan sa pogledom koji osvaja,234000,"Beograd, Opština Rakovica, Vidikovac, Patrijarha Joanikija",91.0,4.0,2571.4285714285716
"Vidikovačka padina, Humski put",71000,"Beograd, Opština Rakovica, Vidikovačka padina, Humski put",29.0,1.5,2448.2758620689656
"Izuzetan, sunčan, garaža",299900,"Beograd, Opština Voždovac, Lekino brdo, Rada Neimara",75.0,3.0,3998.6666666666665
Uknjižen 1.5 stan plus terasa,149900,"Beograd, Opština Rakovica, Miljakovac, Bogdana Žerajića",35.0,1.5,4282.857142857143
"Vidikovačka padina, dvosoban stan",132500,"Beograd, Opština Rakovica, Vidikovačka padina, 17. oktobra",44.0,2.0,3011.3636363636365
"Renoviran, Vidikovački venac",187000,"Beograd, Opština Rakovica, Vidikovac, Vidikovački venac",41.0,2.0,4560.975609756098
"Odličan, 2.0, uknjižen",132999,"Beograd, Opština Čukarica, Železnik, Darinke Radović",59.0,2.0,2254.2203389830506
"Vidikovac, Vidikovački venac",138990,"Beograd, Opština Rakovica, Vidikovac, Vidikovački venac",58.0,3.0,2396.3793103448274
"Premium novogradnja, LUX 2.5, cena sa PDV-om",188275,"Beograd, Opština Zemun, Gornji grad, Zemun",59.0,2.5,3191.101694915254
"Namešten dvosoban stan, 52m2 ID#15988",223000,"Beograd, Opština Palilula, Hadžipopovac, Milana Tankosića",52.0,2.0,4288.461538461538
"Trosoban stan za hedoniste, useljiv za mesec dana",179000,"Beograd, Opština Zvezdara, Cvetanova ćuprija, ",81.0,3.0,2209.8765432098767
"Sunnyville premium, 72m2, 3.0, nov ID#1399",241500,"Beograd, Opština Palilula, Višnjička Banja, ",72.31,2.0,3339.787028073572
West 65 Tower|Trosoban stan|105 m²| X sprat ID#278,595000,"Beograd, Opština Novi Beograd, Blok 65, Omladinskih brigada",105.0,3.0,5666.666666666667
Uknjižena novogradnja u Dobanovačkoj,234298,"Beograd, Opština Zemun, Dobanovačka, Dobanovačka",75.58,3.5,3100.0
Lux penthouse na Banovom brdu,465990,"Beograd, Opština Čukarica, Banovo brdo, Karpoševa",133.14,4.0,3500.0000000000005
Duplex stan u Boutique novogradnji na Vračaru,444285,"Beograd, Opština Vračar, Čubura, Nikolaja Hartviga",98.73,3.0,4500.0
Novogradnja - Cara Dušana,247200,"Beograd, Opština Zemun, Cara Dušana, Cara Dušana",82.4,3.5,3000.0
BW Nika - Studio stan u Apollo centru - 2. sprat,185000,"Beograd, Opština Savski venac, Beograd na vodi, Bulevar Vudroa Vilsona",32.3,1.0,5727.554179566564
"Vračar, Vojislava Ilića - Metohijska 74,5m2",259500,"Beograd, Opština Vračar, Crveni krst, Metohijska",74.5,2.5,3483.221476510067
"Kalenić 86m2, salonac idealan za poslovni prostor",315000,"Beograd, Opština Vračar, Kalenić pijaca, Njegoševa",86.0,3.0,3662.7906976744184
"SC Vračar 65m2, renoviran stan sa parkingom",300000,"Beograd, Opština Vračar, SC Vračar, Mileševska",65.0,3.0,4615.384615384615
"Voždovac, Autokomanda 42m2 jednoiposoban stan",159000,"Beograd, Opština Voždovac, Autokomanda, Ustanička",42.0,1.5,3785.714285714286
"Sunnyville 46m2, 2.0 sa parking mestom",167000,"Beograd, Opština Palilula, Višnjička Banja, Slanački put",46.0,2.0,3630.4347826086955
"Renoviran, uknjižen, brzo useljiv",256000,"Beograd, Opština Stari grad, Centar, Braće Baruh",60.0,2.0,4266.666666666667
"Kompletno namešten, odvojena soba, u centru Zemuna",97000,"Beograd, Opština Zemun, Cara Dušana, Cara Dušana",31.0,1.5,3129.032258064516
"Zemun, Save Kovačević, 78m2, 3.0, renoviran ID#159",255000,"Beograd, Opština Zemun, Save Kovačevića, Mića Radakovića",78.0,3.0,3269.230769230769
"Kula West 65, lux, 95m2, garaža, namešten",530000,"Beograd, Opština Novi Beograd, Blok 65, Omladinskih brigada",95.0,3.0,5578.9473684210525
BW Aria lux prelep cetvorosoban stan 110m2,510000,"Beograd, Opština Savski venac, Beograd na vodi",110.0,4.0,4636.363636363636
Adaptibilan uknjižen stan u bloku 62,220000,"Beograd, Opština Novi Beograd, Blok 62, Nehruova",66.0,2.0,3333.3333333333335
Odlična lokacija - Studentski trg 65m2,225000,"Beograd, Opština Stari grad, Studentski trg, Višnjićeva",65.0,2.0,3461.5384615384614
"5,5 Centar , Makedonska, perfektan , raskosan sa",625000,"Beograd, Opština Stari grad, Centar, Makedonska",138.0,5.0,4528.985507246377
"3,0 Vracar , izuzetan , kompletno opremljen , LUX",385000,"Beograd, Opština Vračar, Centar, ",83.0,3.0,4638.55421686747
"Zemun centar 2,5 48m2",168000,"Beograd, Opština Zemun, Gardoš",48.0,2.5,3500.0
"Konjarnik, Ustanicka, 1.5 (adapt. u 2.0), 47 m2",139000,"Beograd, Opština Zvezdara, Konjarnik, Ustanička",47.0,1.5,2957.446808510638
Odmah useljiv stan u M. Milankovica u bloku 28!,179000,"Beograd, Opština Novi Beograd, Blok 28, Bulevar Milutina Milankovića",55.0,2.0,3254.5454545454545
2.5 stan sa garazom u novogradnji kod Trosarine!,229900,"Beograd, Opština Voždovac, Trošarina, Save Maškovića",66.0,2.5,3483.3333333333335
"Bežanijska kosa II, uknjižen, odmah useljiv",68000,"Beograd, Opština Novi Beograd, Bežanijska kosa 2, Nedeljka Gvozdenovića",30.0,1.0,2266.6666666666665
Zeleznik uknjizena novogradnja,153120,"Beograd, Opština Čukarica, Železnik, Radnih akcija",57.5,2.5,2662.9565217391305
"Bežanijska kosa 3, Srđana Aleksića, 1,0, 38m",131000,"Beograd, Opština Novi Beograd, Bežanijska kosa 3, Srđana Aleksića",38.0,1.0,3447.3684210526317
"Beograd na vodi, BW Nika, 2.0. LUX, Useljiv uskoro",285000,"Beograd, Opština Savski venac, Beograd na vodi, Vožda Đorđa Stratimirovića",55.32,2.0,5151.843817787419
"Bez provizije, novogradnja, lux",181800,"Beograd, Opština Vračar, Južni bulevar, Politova",42.0,1.5,4328.571428571428
"Beograd na vodi, BW Nika, studio, Useljiv uskoro",185000,"Beograd, Opština Savski venac, Beograd na vodi, Vožda Đorđa Stratimirovića",32.06,0.5,5770.430442919525
"BW Eden, LUX, 3.0. Useljiv uskoro",345000,"Beograd, Opština Savski venac, Beograd na vodi, Bulevar Vudroa Vilsona",76.0,3.0,4539.473684210527
"BW Terraces, 3.0. Lux, Useljiv",675000,"Beograd, Opština Savski venac, Beograd na vodi, Hercegovačka",102.0,3.0,6617.64705882353
BW Metropolitan | 3.0. | Pogled na reku,560000,"Beograd, Opština Savski venac, Beograd na vodi, Bulevar Vudroa Vilsona",102.0,3.0,5490.196078431372
"Dorćol – Cara Dušana, Luksuzni salonac",849000,"Beograd, Opština Stari grad, Cara Dušana, Cara Dušana",173.0,4.0,4907.514450867052
BW|Pažljivo dizajniran stan|Pogled na reku|124m2,610000,"Beograd, Opština Savski venac, Beograd na vodi, Hercegovačka",124.0,4.0,4919.354838709677
BW Sensa | Luksuzan trosoban stan u fazi opremanja,399000,"Beograd, Opština Savski venac, Beograd na vodi, Luke Ćelovića Trebinjca",86.77,3.0,4598.3634896853755
"BW Metropolitan, LUX Studio, Useljiv",195000,"Beograd, Opština Savski venac, Beograd na vodi, Bulevar Vudroa Vilsona",30.0,0.5,6500.0
"BW Vista, 3.0. Uknjižen i useljiv",370000,"Beograd, Opština Savski venac, Beograd na vodi, Hercegovačka",82.0,3.0,4512.195121951219
"Beograd na vodi, BW Quartet, 3.0. lux, Useljiv",384000,"Beograd, Opština Savski venac, Beograd na vodi, Luke Ćelovića Trebinjca",85.37,3.0,4498.067236734216
Odmah useljivo - Bašta - Parking,135000,"Beograd, Opština Čukarica, Bele vode, Milana Delića",40.0,2.0,3375.0
"Dalmatinska, jednoiposoban 34m2, uknjižen",120000,"Beograd, Opština Zvezdara, Vukov Spomenik, Dalmatinska",34.0,1.5,3529.4117647058824
"Može na kredit, 103m2, adaptilan u 4.0 ID#1023",396000,"Beograd, Opština Stari grad, Dorćol, Visokog Stevana",103.0,3.0,3844.660194174757
"3.0 stan u Novogradnji, Nine Kirsanove ID#3773",136000,"Beograd, Opština Zvezdara, Mirijevo, Nine Kirsanove",61.0,3.0,2229.5081967213114
Luksuzni stan - apartman,117000,"Beograd, Opština Voždovac, Ustanička, Ustanička 84",31.4,1.0,3726.114649681529
Odmah useljiv stan u lux zgradi,212000,"Beograd, Opština Voždovac, Ustanička, Ustanička 84a",65.18,3.0,3252.5314513654494
Dvoiposoban stan u luksuznoj zgradi,199000,"Beograd, Opština Voždovac, Ustanička, Ustanička 84",56.75,3.0,3506.6079295154186
Luksuzni penthaus vaših snova,394000,"Beograd, Opština Voždovac, Ustanička, Ustanička 84",121.16,4.0,3251.8983162759987
Luksuzni stan vaših snova,433000,"Beograd, Opština Voždovac, Ustanička, Ustanička",134.75,4.0,3213.3580705009276
Odličan Kompletno Renoviran Stan-VN 015,178900,"Beograd, Opština Rakovica, Kanarevo brdo, Ivana Mičurina",61.0,2.5,2932.7868852459014
"BW Riviera, najpoželjniji stan, direktno na reci I",1590000,"Beograd, Opština Savski venac, Beograd na vodi, Hercegovačka",204.0,4.0,7794.117647058823
Luksuzan porodičan stan u novogradnji – Zemun,405405,"Beograd, Opština Zemun, Ćukovac, Bregovita",115.83,5.0,3500.0
Prodaja stana u Beogradu,466000,"Beograd, Opština Stari grad, Centar, Palmotićeva",110.0,3.0,4236.363636363636
"U mirnom kraju, dvostran, svetao",149000,"Beograd, Opština Palilula, Karaburma, Dr Nika Miljanića",51.0,2.0,2921.5686274509803
"Lux, odmah useljiv",159000,"Beograd, Opština Zemun, Zemunske kapije, Šumadijska",37.0,1.0,4297.2972972972975
"Prvi sprat, useljiv stan",155000,"Beograd, Opština Palilula, Borča, Severina Bijelića",61.0,2.5,2540.9836065573772
"Lastavica, lux, garažno mesto",380000,"Beograd, Opština Novi Beograd, Blok 58, Jurija Gagarina",83.0,4.0,4578.313253012048
Atraktivan stan ID#14230,549000,"Beograd, Opština Voždovac, Vojvode Stepe, Pazinska",160.0,5.0,3431.25
"Blok 21, Bul. Zorana Đinđića - 62.44m2 3.0",245000,"Beograd, Opština Novi Beograd, Blok 21, ",62.44,3.0,3923.766816143498
"Odličan 2.5, uknjižen",214900,"Beograd, Opština Novi Beograd, Blok 61, Dr Ivana Ribara",75.0,2.5,2865.3333333333335
"Izuzetna investicija, 2.0, Airport Residence ID#12",108000,"Beograd, Opština Novi Beograd, Ledine, ",60.0,2.0,1800.0
"Pretprodaja, novogradnja, lux ID#1282",192000,"Beograd, Opština Zemun, Gornji grad, ",68.56,3.5,2800.4667444574093
"Uknjižen, useljiv, Petra Lekovića ID#1411",165000,"Beograd, Opština Čukarica, Banovo brdo, Petra Lekovića",35.0,1.0,4714.285714285715
"Retko u ponudi, uknjižen, 3.0, centralno grejanje",129000,"Beograd, Opština Zvezdara, Mirijevo, ",67.0,3.0,1925.3731343283582
"Uknjižen, adaptilan u 3.5, može na kredit ID#1010",255000,"Beograd, Opština Palilula, Bulevar despota Stefana, Bulevar despota Stefana",90.0,3.0,2833.3333333333335
"Uknjižen, odmah useljiv, može na kredit ID#1018",210000,"Beograd, Opština Novi Beograd, Fontana, Studentska",56.0,2.0,3750.0
Kompletno opremljen lux stan u mirnom delu Vračara,380000,"Beograd, Opština Vračar, Crveni krst, Šumatovačka",86.0,4.0,4418.604651162791
"Slavija, Salonac 171m2 Umanjena Cena Dirketnim Poz",649000,"Beograd, Opština Vračar, Slavija",171.0,5.0,3795.3216374269005
"Moderan duplex, odlična lokacija, Miljakovac 1",190000,"Beograd, Opština Rakovica, Miljakovac, Dimitrija Koturovića",117.0,3.0,1623.931623931624
"Dvoetažni stan, 118 m2, Đeram pijaca",349000,"Beograd, Opština Zvezdara, Đeram pijaca, Pećska",118.0,4.5,2957.6271186440677
"Blok 45, 3.5 stan",199900,"Beograd, Opština Novi Beograd, Blok 45 (TC Enjub), Jurija Gagarina",66.0,3.5,3028.787878787879
"Lekino brdo, Tetovska 67.4 m2, Banat Gradnja",242640,"Beograd, Opština Voždovac, Lekino brdo, Tetovska",67.4,2.5,3599.9999999999995
"Čukarička padina, Obalskih radnika 1.0 adaptibilan",98900,"Beograd, Opština Čukarica, Čukarička padina, Obalskih radnika",30.0,1.0,3296.6666666666665
"Odličan, adaptibilan u jednoiposoban",134900,"Beograd, Opština Čukarica, Banovo brdo",40.0,1.0,3372.5
BW Perla - ekskluzivan porodican stan na prodaju!,895000,"Beograd, Opština Savski venac, Beograd na vodi, ",144.3,4.0,6202.356202356202
Kompletno renoviran 3.0 stan u zelenilu!,219000,"Beograd, Opština Voždovac, Braće Jerković, Meštrovićeva",69.0,3.0,3173.913043478261
"Novogradska, kompletno renoviran ID#1250",129000,"Beograd, Opština Zemun, Centar, ",44.0,2.0,2931.818181818182
"Lux, novogradnja, stan sa terasom ID#1257",78000,"Beograd, Opština Zemun, Gornji grad, ",26.0,1.0,3000.0
"Moguća kreditna kupovina, povrat pdv - a ID#1261",132300,"Beograd, Opština Zemun, Gornji grad, ",41.0,2.0,3226.829268292683
Jedinstven 1.0 stan sa velikom terasom ID#2868,155000,"Beograd, Opština Novi Beograd, Blok 21, Bulevar Mihajla Pupina",29.0,1.0,5344.827586206897
Sarajevska 1.0 stan ID#2869,125000,"Beograd, Opština Savski venac, Klinički centar, Sarajevska",33.0,1.0,3787.878787878788
"Prodaja 3.5 stana – Novi Beograd, Blok 19 ID#1018",329000,"Beograd, Opština Novi Beograd, Blok 19a, Vladimira Popovića",93.0,3.5,3537.6344086021504
"Prestižan 3.0 salonac , 79m2, Maršala Birjuzova ID",320000,"Beograd, Opština Stari grad, Centar, Maršala Birjuzova",79.0,3.0,4050.6329113924053
"Mirijevo, dvoiposoban, uknjižen",136000,"Beograd, Opština Zvezdara, Mirijevo, Zagrađe",49.0,2.5,2775.5102040816328
Namešten dvoiposoban stan sa parkingom,157000,"Beograd, Opština Zvezdara, Mirijevo",46.0,2.5,3413.0434782608695
"Mirijevo, uknjižen 2.0",142000,"Beograd, Opština Zvezdara, Mirijevo, Ljube Tadića",45.0,2.0,3155.5555555555557
"Karaburma 1.5 renoviran, uknjižen",144000,"Beograd, Opština Palilula, Karaburma, Salvadora Aljendea",41.0,1.5,3512.1951219512193
Panoramski pogled na reku i park - BW Eden,374888,"Beograd, Opština Savski venac, Beograd na vodi",79.0,3.0,4745.4177215189875
Zemun -Slovenska ulica,134000,"Beograd, Opština Zemun, Kolonija Zmaj, Slovenska",53.0,2.0,2528.301886792453
"Profesorska kolonija, Ljubomira Stojanovića, uknji",195000,"Beograd, Opština Palilula, Profesorska kolonija, Ljubomira Stojanovića",47.0,2.0,4148.936170212766
Odličan stan kod Sc Olimp bez ulaganja,286000,"Beograd, Opština Zvezdara, Olimp, Duvanjska",74.0,3.5,3864.864864864865
Novogradnja – idealna prilika za keš kupce!,146200,"Beograd, Opština Voždovac, Dušanovac",48.73,1.5,3000.205212394829
Uknjižen! Odmah useljiv!,77400,"Beograd, Opština Grocka, Leštane, Smederevski put",43.0,1.0,1800.0
Čuburski park - Daničareva 21kvm,84000,"Beograd, Opština Vračar, Čubura, Daničareva",21.0,0.5,4000.0
Retenzija - Prve pruge 58kvm,225000,"Beograd, Opština Zemun, Retenzija, Prve pruge",58.0,2.0,3879.310344827586
"Voždovac, Medakovićeva 36 - Novogradnja",142290,"Beograd, Opština Voždovac, Medaković 1, Medakovićeva",47.43,1.5,3000.0
"Vlasnik, NEuknjižen stan, 48m2, Učiteljsko Naselje",119999,"Beograd, Opština Zvezdara, Učiteljsko naselje, Raljska",48.3,2.0,2484.4513457556936
Sunnyville-namešten i useljiv stan,158000,"Beograd, Opština Palilula, Višnjička Banja, Mirka Milojkovića",48.0,1.5,3291.6666666666665
"Tašmajdan,3.0 salonac sa terasom ID#14760",280000,"Beograd, Opština Palilula, Tašmajdan, Starine Novaka",60.0,3.0,4666.666666666667
Beograd | Zvezdara | Pećska,370000,"Beograd, Opština Zvezdara, Đeram pijaca, Pećska",84.0,3.0,4404.761904761905
Prodaja stana Braće Jerković 71m2 ID#1601,169955,"Beograd, Opština Voždovac, Braće Jerković, Jovana Bijelića",71.0,3.0,2393.7323943661972
Prodaja stana Stari grad Skupština 129m2 ID#1625,598000,"Beograd, Opština Stari grad, Skupština, Kondina",129.0,5.0,4635.658914728682
Prodaja novogradnja ID#1635,93580,"Beograd, Opština Palilula, Ovča, Ovčanski put",46.79,1.5,2000.0
"Savršena struktura, svetao, mereno 138m2",639900,"Beograd, Opština Stari grad, Knez Mihailova, Uzun Mirkova",124.0,5.0,5160.4838709677415
Zemun Nova - porodičan stan u novogradnji ID#2608,260000,"Beograd, Opština Zemun, Cara Dušana, ",94.0,4.0,2765.9574468085107
Novo kod Đerma sa terasom od 100m2,267900,"Beograd, Opština Zvezdara, Đeram pijaca, Đevđelijska",66.63,3.0,4020.711391265196
Novo kod Đerma,214900,"Beograd, Opština Zvezdara, Đeram pijaca, Đevđelijska",52.47,2.0,4095.6737183152277
Nov brzo useljiv i zaista spektakularan,425900,"Beograd, Opština Voždovac, Centar, Ustanička",142.0,4.0,2999.2957746478874
"Nov, brzo useljiv, 3 spavaće",252990,"Beograd, Opština Voždovac, Centar, Ustanička",84.11,4.0,3007.846867197717
Salonac | Krunski venac | Vračar,439000,"Beograd, Opština Vračar, Krunski venac, Molerova",96.0,4.0,4572.916666666667
"Lekino brdo, 3,5 svetao stan",206000,"Beograd, Opština Voždovac, Lekino brdo, Tetovska",65.55,3.5,3142.6392067124334
Lep stan pored parka,170000,"Beograd, Opština Čukarica, Banovo brdo, Žarka Vukovića Pucara",47.0,2.5,3617.021276595745
"Vrhunski stan, idealna lokacija, vojni stan",405000,"Beograd, Opština Novi Beograd, Bežanijska kosa 2, Peđe Milosavljevića",97.0,4.5,4175.257731958763
"Dvosoban, uknjižen, renoviran, odlična lokacija",129000,"Beograd, Opština Zemun, Ugrinovačka, Ugrinovačka",44.0,2.0,2931.818181818182
"Četvorosoban, odličan, funkcionalan",238000,"Beograd, Opština Čukarica, Cerak vinogradi, Cerski venac",83.0,4.0,2867.4698795180725
"Vračar, Kalenić pijaca – Mileševska",269500,"Beograd, Opština Vračar, Kalenić pijaca, Mileševska",65.0,2.0,4146.153846153846
BW Rima- savršeni dom na premium lokaciji!,275000,"Beograd, Opština Savski venac, Beograd na vodi, Hercegovačka",55.81,2.0,4927.432359792152
Trosoban stan 87 m² – investiciona prilika,175000,"Beograd, Opština Savski venac, Prokop, Lazara Sočice",87.0,3.0,2011.4942528735633
Vojne zgrade - 1.0 - lep i funkcionalan stan,129000,"Beograd, Opština Zvezdara, Mirijevo, Raše Plaovića",41.0,1.0,3146.3414634146343
Uknjižen stan sa parking mestom ID#1453,80000,"Beograd, Opština Novi Beograd, Ledine, ",32.0,1.5,2500.0
"Retko u ponudi, renoviran, 2.5, 50m2",177000,"Beograd, Opština Zvezdara, Konjarnik, Jelene Mioč",50.0,2.5,3540.0
"Četvorosoban stan, 86 m², Blok 30, Novi Beograd",323000,"Beograd, Opština Novi Beograd, Blok 30 (B92), Španskih boraca",86.0,4.0,3755.813953488372
Luksuzno renoviran stan,299000,"Beograd, Opština Čukarica, Cerak vinogradi, Cersiki venac",83.0,4.0,3602.409638554217
"Uknjižen i bez ulaganja, 3 sprat, odlična lokacija",137900,"Beograd, Opština Zvezdara, Mirijevo, ",41.0,2.0,3363.4146341463415
"Odmah useljiv, investicija, može kredit za mlade!",89900,"Beograd, Opština Voždovac, Medaković 2, Radovana Simića Cige",25.0,0.5,3596.0
N. Beograd - funkcionalan i svetao stan 71m2,234000,"Beograd, Opština Novi Beograd, Stari Merkator, Otona Župančiča",71.0,3.0,3295.774647887324
"Partizanov stadion, 3.0 nov stan 71 m2",265000,"Beograd, Opština Savski venac, Stadion Partizana, Partizanov stadion",71.0,3.0,3732.394366197183
"Strahinjica bana, deljiv u dva stana, dva ulaza!",350000,"Beograd, Opština Stari grad, Centar, Strahinjića Bana",90.0,3.0,3888.8888888888887
Trosoban stan sa otvorenim i carobnim pogledom!,333000,"Beograd, Opština Vračar, Čubura, Sazonova",82.0,3.0,4060.9756097560976
Zvezdara - Đeram pijaca - 5.0 ID#25609,349000,"Beograd, Opština Zvezdara, Đeram pijaca, Pećska",118.0,5.0,2957.6271186440677
"Odmah useljiv, sa nameštajem, garažno mesto",295000,"Beograd, Opština Zemun, Zelena avenija, Tošin bunar",71.0,3.0,4154.929577464789
Harmonija – samo 20 minuta od centra Beograda,122037,"Beograd, Opština Surčin, Dobanovci, Anđelka Čobanovića",64.23,2.5,1899.9999999999998
"Premium kvalitet – Surčin, u izgradnji, 39 m²",82000,"Beograd, Opština Surčin, Surčin (mesto), Obilićev venac",39.0,2.0,2102.5641025641025
"Lux dvosoban, Dorćol, novogradnja + GaraŽa",245000,"Beograd, Opština Stari grad, Dorćol, ",40.0,2.0,6125.0
"Karaburma- Husinskih rudara, 2.0",139500,"Beograd, Opština Palilula, Karaburma, Husinskih rudara",56.0,2.0,2491.0714285714284
"Gradska bolnica, B.Krsmanovića-odlična investicija",162000,"Beograd, Opština Zvezdara, Gradska bolnica, Branka Krsmanovića",73.0,3.0,2219.178082191781
"Železnik, Osmog marta, uknjižen",125000,"Beograd, Opština Čukarica, Železnik, 8. marta",53.0,2.5,2358.490566037736
Ekskluzivan penthouse Jove Ilića ID#15712,907500,"Beograd, Opština Voždovac, Voždovačka crkva, Jove Ilića",220.0,5.0,4125.0
Uknjižena i nova garsonjera sa odličnim rasporedom,64900,"Beograd, Opština Rakovica, Kneževac, ",24.0,1.0,2704.1666666666665
"Autokomanda, Kumodraška, Smart home, 96m2",278000,"Beograd, Opština Voždovac, Autokomanda, Kumodraška",96.0,3.0,2895.8333333333335
"Vidikovac, Vidikovački venac, duplex",216000,"Beograd, Opština Rakovica, Vidikovac, Vidikovački venac",108.0,5.0,2000.0
"Čukarica, Cerak, 112m2, 3 spavaće sobe",281625,"Beograd, Opština Čukarica, Cerak",112.65,4.0,2500.0
Dorćol-uknjižen-bez ulaganja,299000,"Beograd, Opština Stari grad, Centar, ",64.0,2.0,4671.875
Mirijevo novogradnja | Trosoban,158875,"Beograd, Opština Zvezdara, Mirijevo, Aleksandra Bugarskog",63.55,3.0,2500.0
Odličan troiposoban stan kod Čuburskog parka ID#15,270000,"Beograd, Opština Vračar, Čubura, Svetolika Rankovića",77.0,3.5,3506.4935064935066
"Renoviran 3.0, sa nameštajem ID#15982",190000,"Beograd, Opština Voždovac, TC Stadion, Jovana Bijelića",54.0,3.0,3518.5185185185187
"Sređen stan sa pogledom na reku, u BW",550000,"Beograd, Opština Savski venac, Beograd na vodi, Hercegovačka",111.0,4.0,4954.954954954955
Najlepši renoviran trosoban stan na Novom Beogradu,278900,"Beograd, Opština Novi Beograd, Blok 28, Bulevar Arsenija Čarnojevića",80.0,3.0,3486.25
Stan/Lokal Višnjica 26kv + dvoršite 30kv,89000,"Beograd, Opština Palilula, Višnjica, Metalska",26.0,1.0,3423.076923076923
"Nov, lux, garaža, adaptibilan u 2.5",259800,"Beograd, Opština Novi Beograd, Blok 65, Đorđa Stanojevića",61.0,2.0,4259.016393442623
Dvosoban | Vojvode Stepe | Miran kraj,459000,"Beograd, Opština Voždovac, Vojvode Stepe, Vojvode Stepe",135.0,2.0,3400.0
"Trosoban, lux, savršen pogled na Hram Svetog Save",298900,"Beograd, Opština Vračar, Južni bulevar, Sime Igumanova",75.0,3.0,3985.3333333333335
Četvorosoban | BW Perla | Pogled na reku,950000,"Beograd, Opština Savski venac, Beograd na vodi, Hercegovačka",143.23,4.0,6632.6886825385745
Dvosoban| BW St. Regis | Pogled na reku,599000,"Beograd, Opština Savski venac, Beograd na vodi, Nikolaja Kravcova",61.65,2.0,9716.139497161395
Trosoban | Wellport | Moderna arhitektura,525000,"Beograd, Opština Novi Beograd, Blok 65, Tadije Sondermajera",106.0,3.0,4952.830188679245
Penthouse | K-District | Pogled na ušće,1500000,"Beograd, Opština Stari grad, K-District, Dunavska",226.84,3.0,6612.590372068418
Četvorosoban | BW Vista | Pogled na reku,575000,"Beograd, Opština Savski venac, Beograd na vodi, Hercegovačka",112.54,4.0,5109.294473076239
Dvosoban stan u Bloku 70,195000,"Beograd, Opština Novi Beograd, Blok 70 (kineski tržni centar), Jurija Gagarina",58.0,2.0,3362.0689655172414
Četvorosoban | St. Regis | Pogled na reku,1800000,"Beograd, Opština Savski venac, Beograd na vodi, Nikolaja Kravcova",163.5,4.0,11009.174311926605
"Lux duplex, garaža, 115m2 (korisno 137m2)",380000,"Beograd, Opština Voždovac, Bulevar oslobođenja, Bulevar Oslobođenja",115.0,4.0,3304.3478260869565
Penthouse | Novi Dorćol | Privatna bašta,1610000,"Beograd, Opština Stari grad, Dorćol, Venizelosova",244.74,4.0,6578.409740949579
Penthouse | Dorćol | Zimska bašta,780000,"Beograd, Opština Stari grad, Dorćol, Knez Miletina",184.0,3.0,4239.130434782609
Četvorosoban | Green Hill Dedinje | Smart home,989000,"Beograd, Opština Savski venac, Dedinje, Dr Vojislava Stojanovića",184.0,4.0,5375.0
Penthouse | BW King’s Park | Prostrana terasa,745000,"Beograd, Opština Savski venac, Beograd na vodi, Luke Ćelovića Trebinjca",151.87,4.0,4905.511292552841
Trosoban | BW St. Regis | Poged na reku,838400,"Beograd, Opština Savski venac, Beograd na vodi, Nikolaja Kravcova",91.13,3.0,9200.043893339187
Četvorosoban | BW Simfonija 2 | Pogled na reku,610000,"Beograd, Opština Savski venac, Beograd na vodi, Hercegovačka",123.74,4.0,4929.691288184904
Kompletno renoviran stan na odličnoj lokaciji,129000,"Beograd, Opština Zemun, Donji grad, Ugrinovačka",44.0,1.5,2931.818181818182
Trosoban | Skenderbegova | Garažno mesto,520000,"Beograd, Opština Stari grad, Dorćol, Skender Begova",83.0,3.0,6265.060240963855
"Novogradnja bez provizije, parking",90867,"Beograd, Opština Palilula, Borča, Ovčanski put",43.27,1.5,2100.0
Četvorosoban | Vračar | Kalenić pijaca,710000,"Beograd, Opština Vračar, Kalenić pijaca, Hadži Prodanova",177.0,4.0,4011.299435028249
Dvosoban stan | BW Perla | Panoramski pogled,470000,"Beograd, Opština Savski venac, Beograd na vodi, Hercegovačka",71.35,2.0,6587.245970567625
"Uknjižen, renoviran, bez ulaganja, 1.5 stan",132500,"Beograd, Opština Rakovica, Kneževac, 17. oktobra",44.0,1.5,3011.3636363636365
"Opremljen, lux, garaža",207500,"Beograd, Opština Zvezdara, Dimitrija Tucovića, Dimitrija Tucovića",50.0,2.0,4150.0
"Uknjižen, jedosoban, odmah useljiv",142000,"Beograd, Opština Voždovac, Lekino brdo, Murska",33.0,1.0,4303.030303030303
"Svetao, izuzetan, retko u ponudi",210000,"Beograd, Opština Zvezdara, Mirijevo, Vladislava Bajčevića",84.0,3.0,2500.0
"Uknjižen, brzo useljiv",132600,"Beograd, Opština Palilula, Karaburma, Bata Lakina",39.0,1.5,3400.0
"Svetao, lep raspored",142000,"Beograd, Opština Zvezdara, Mirijevo, Ljube Tadića",45.0,1.5,3155.5555555555557
"Blok 28, 3.0, 80(T), renoviran, useljiv",278900,"Beograd, Opština Novi Beograd, Blok 28, Bulevar Arsenija Čarnojevića",80.0,3.0,3486.25
"Vračar, 3.0, Lux renoviran, 75(2T), useljiv",298900,"Beograd, Opština Vračar, Južni bulevar, Sime Igumanova",75.0,3.0,3985.3333333333335
"Top investicija, blizina BW-G.Principa! ID#2056",159000,"Beograd, Opština Savski venac, Ekonomski fakultet, Gavrila Principa",32.0,0.5,4968.75
Penthouse na odličnoj lokaciji! ID#2112,399000,"Beograd, Opština Voždovac, Lekino brdo, Veselina Masleše",119.0,4.0,3352.9411764705883
"Trosoban stan kod TC Ada Mall-a-nov,useljiv ID#237",219000,"Beograd, Opština Čukarica, Banovo brdo, Karpoševa",54.0,3.0,4055.5555555555557
Fantastičan stan-novogradnja-4.0-Palilula ID#2762,329533,"Beograd, Opština Palilula, Karaburma, Hoze Martia",119.83,4.0,2750.0041725778187
Fantastičan stan-novogradnja-1.5-Palilula ID#2770,150400,"Beograd, Opština Palilula, Karaburma, Hoze Martia",47.0,4.0,3200.0
Novogradnja kod Cvetkove pijace,166858,"Beograd, Opština Zvezdara, Cvetkova pijaca",43.91,1.5,3800.0000000000005
"Lux 2.5 stan u bloku 65, Tadije Sondermajera ID#38",329000,"Beograd, Opština Novi Beograd, Blok 65, Tadije Sondermajera",69.0,2.5,4768.115942028986
"Sunčani breg, u izgradnji",90000,"Beograd, Opština Rakovica, Miljakovac, Kozačka",41.0,1.5,2195.121951219512
"Jedinstvena ponuda, LUX, 33m2, dvosoban, Karaburma",123000,"Beograd, Opština Palilula, Karaburma, Pabla Nerude",33.0,2.0,3727.2727272727275
"Renoviran 1.5 stan, odmah useljiv, prelepa terasa",189000,"Beograd, Opština Novi Beograd, Blok 61, Dušana Vukasovića",49.0,1.5,3857.1428571428573
Trosoban stan sa panoramskim pogledom,164900,"Beograd, Opština Zemun, Save Kovačevića, Ohridska",62.0,3.0,2659.6774193548385
"Kod Hrama, 117m2, III, cg",490000,"Beograd, Opština Vračar, Hram svetog Save, Nebojšina",117.0,4.0,4188.034188034188
"Nov, uknjižen, Vojvode vlahovića",140000,"Beograd, Opština Voždovac, Vojvode Vlahovića, Dušana Dude Timotijevića",65.0,3.0,2153.846153846154
Duplex | Senjak | Potpuno opremljen,749000,"Beograd, Opština Savski venac, Senjak, Andre Nikolića",218.0,3.0,3435.7798165137615
"Trosoban, svetao, sa odličnom strukturom ID#1405",179500,"Beograd, Opština Vračar, Južni bulevar, ",51.0,3.0,3519.607843137255
Komforan stan-prelepa lokacija-Braće Srnić! ID#202,245000,"Beograd, Opština Zvezdara, Medaković 3, Braće Srnić",103.0,4.0,2378.640776699029
Fantastična investicija- Airport Garden ID#2396,157900,"Beograd, Opština Novi Beograd, Blok 64, Đorđa Stanojevića",32.0,1.0,4934.375
"Trosoban stan, novija zgrada, Arena! ID#2683",399000,"Beograd, Opština Novi Beograd, Arena, Bulevar Arsenija Čarnojevića",85.18,3.0,4684.198168584175
Kompletno renoviran četvorosoban stan 104 m²–kod G,348000,"Beograd, Opština Zvezdara, Gradska bolnica, Čingrijina",104.0,4.0,3346.153846153846
Renoviran porodični stan 100 m² kod Bajlonijeve pi,465000,"Beograd, Opština Stari grad, Gundulićev venac, Knez Miletina",100.0,3.0,4650.0
Dva parking mesta+terasa 130m2,305000,"Beograd, Opština Savski venac, Stadion Partizana, Prilepska",124.0,4.0,2459.6774193548385
BW Kula | Ekskluzivan luksuzni stan sa pogledom,500000,"Beograd, Opština Savski venac, Beograd na vodi, Karađorđeva",61.65,2.0,8110.300081103001
"Arena, Blok 29, Bulevar Zorana Đinđića",520590,"Beograd, Opština Novi Beograd, Arena, Bulevar Zorana Đinđića",123.95,5.0,4200.0
"Vračar, kod Čuburskog parka, Sazonova 82m2",333000,"Beograd, Opština Vračar, Crveni krst, Sazonova",82.0,3.0,4060.9756097560976
Stan u zgradi Vojvođanka sa privatnim dvorištem,525555,"Beograd, Opština Novi Beograd, Bežanijska kosa 1, Generala Mihaila Nedeljkovića",150.0,4.5,3503.7
"Lekino brdo - kod Maksima Gorkog, 27m2, II, cg",129000,"Beograd, Opština Voždovac, Lekino brdo, Gospodara Vučića",27.0,1.0,4777.777777777777
"Retenzija, namešten, uknjižen, lux",205000,"Beograd, Opština Zemun, Retenzija, Prve pruge",42.0,1.5,4880.952380952381
"Vračar-Kalenić 65(T) renoviran, funkcionalan",285000,"Beograd, Opština Vračar, Kalenić pijaca, Mileševska",65.0,2.5,4384.615384615385
Investicija kod Piramide i Savskog keja,101000,"Beograd, Opština Novi Beograd, Blok 44 (TC Piramida), Gandijeva",32.0,1.0,3156.25
"Stan sa najlepšim rasporedom, BW, potpuno namešten",390000,"Beograd, Opština Savski venac, Beograd na vodi, ",77.0,3.0,5064.935064935065
"U najlepšem delu Vračara, stan sa dve spavaće sobe",249900,"Beograd, Opština Vračar, Hram svetog Save, ",53.0,2.5,4715.094339622641
BW Riviera-Sava Promenada-fantastična prilika! ID#,895000,"Beograd, Opština Savski venac, Beograd na vodi, Bulevar Vudroa Vilsona",119.87,3.0,7466.421957120213
Odličan 3.5 stan-Hram Svetog Save ID#2085,310000,"Beograd, Opština Vračar, Hram svetog Save, Patrijarha Varnave",68.0,3.5,4558.823529411765
Retka prilika–salonski stan sa dva ulaza ID#2489,399000,"Beograd, Opština Savski venac, Centar, Svetozara Markovića",96.0,3.5,4156.25
Funkcionalan dvosoban stan sa velikom terasom ID#2,189000,"Beograd, Opština Novi Beograd, Blok 61, Dušana Vukasovića",49.0,1.5,3857.1428571428573
"Zemun, manji dvoiposoban, odlična investicija",124995,"Beograd, Opština Zemun, Prvomajska, Banjička",50.0,2.5,2499.9
"3.0 stan, novogradnja kod Olimpa, garažno mesto",261000,"Beograd, Opština Zvezdara, Olimp, Ariljska",78.0,3.0,3346.153846153846
Trosoban stan sa garažnim mestom - vlasnik,315000,"Beograd, Opština Zvezdara, Bulbulder, Dimitrija Tucovića",75.0,3.0,4200.0
"Vidikovači venac, 2.5, I sprat, namešten",220000,"Beograd, Opština Rakovica, Vidikovački venac, Vidikovački venac",72.0,2.5,3055.5555555555557
Nov dvosoban stan 41 m2,95150,"Beograd, Opština Zvezdara, Medaković 3",41.0,2.5,2320.731707317073
"Vračar, Centar - Resavska",254900,"Beograd, Opština Vračar, Centar, Resavska",54.0,2.5,4720.37037037037
Broker - Prodaja stana na Karaburmi,179000,"Beograd, Opština Palilula, Karaburma, ",57.0,2.0,3140.3508771929824
"Kod Hrama, 70m2, IV, cg",350000,"Beograd, Opština Vračar, Hram svetog Save, Brane Crnčevića",70.0,3.0,5000.0
Odličan 4.0 stan-Zahumska-V.spomenik+garaža! ID#19,398000,"Beograd, Opština Zvezdara, Vukov Spomenik, Zahumska",125.0,4.0,3184.0
"Odličan 2.0 stan, TC Big Fashion-Karaburma ID#2023",159900,"Beograd, Opština Palilula, Karaburma, Vojvode Micka Krstića",62.0,2.0,2579.032258064516
BW Metropolitan - Studio na 9. spratu,169900,"Beograd, Opština Savski venac, Beograd na vodi, Bulevar Vudroa Vilsona",29.18,1.0,5822.481151473612
"Vračar, Crveni krst, 61m2, vp, cg",228000,"Beograd, Opština Vračar, Crveni krst, Metohijska",61.0,2.0,3737.7049180327867
Funkcionalan Studio na Dorćolu,120000,"Beograd, Opština Stari grad, Dorćol, Džordža Vašingtona",15.0,0.5,8000.0
Jednosoban 36m2 Bežanija-useljiv,135000,"Beograd, Opština Novi Beograd, Bežanijska kosa 3, Vespučijeva",36.0,1.0,3750.0
"Izuzetna novogradnja, useljenje oktobar 2026. god",190000,"Beograd, Opština Zemun, Zemunske kapije",59.0,2.5,3220.3389830508477
"Pravosnažna građ. dozvola, povrat pdv - a",170500,"Beograd, Opština Zemun, Zemunske kapije",53.0,2.5,3216.9811320754716
"Hram, mladalački stan sa parking mestom",288000,"Beograd, Opština Vračar, Hram svetog Save, Hadži Melentijeva",76.0,2.5,3789.4736842105262
Mirna zgrada okružena zelenilom,199500,"Beograd, Opština Voždovac, Lekino brdo, Bačvanska",65.0,2.0,3069.230769230769
Nov dvoiposoban stan 52 m2 Uciteljsko naselje,163320,"Beograd, Opština Zvezdara, Učiteljsko naselje",52.0,2.5,3140.769230769231
"Novogradnja, Bulevar residence, 30.58m2 + pdv",91740,"Beograd, Opština Zvezdara, Bulevar kralja Aleksandra, ",30.58,1.0,3000.0
"Novogradnja, Mirijevo, 40.64 m2",98755,"Beograd, Opština Zvezdara, Mirijevo, Teodora Mirijevskog",40.64,1.5,2429.9950787401576
2.0 stan bez ulaganja Profesorska kolonija,195000,"Beograd, Opština Palilula, Profesorska kolonija, Ljubomira Stojanovića",47.0,2.0,4148.936170212766
"Uključeno parking mesto, uknjižen",205000,"Beograd, Opština Zemun, Save Kovačevića, Tršćanska",59.0,2.5,3474.576271186441
"Stan 2.0 sa velikim potencijalom, ul. Marijane Gre",139000,"Beograd, Opština Palilula, Karaburma, Marijane Gregoran",49.0,2.0,2836.734693877551
"Ledine, Bukovačka, 45m2, 2.0 ID#3387",129900,"Beograd, Opština Surčin, Ledine, Bukovačka",45.0,2.0,2886.6666666666665
"Uknjižen, novogradnja, terasa 29m2",139500,"Beograd, Opština Voždovac, Jajinci",53.0,3.0,2632.0754716981132
Studio | Viva Residences | Novogradnja,175000,"Beograd, Opština Zvezdara, Đeram pijaca, Milana Rakića",37.18,1.0,4706.831629908553
"Beogradska, 4.0 stan u novogradnji sa garažnim mes",655000,"Beograd, Opština Vračar, Beogradska, ",115.0,4.0,5695.652173913043
"Zemun, 3,5, useljiv, parking u ceni",220000,"Beograd, Opština Zemun, Gornji grad, ",73.0,3.5,3013.698630136986
3.0 stan u vrhunskoj zgradi - sada po Super Popust,271270,"Beograd, Opština Novi Beograd, Blok 65, ",71.0,3.0,3820.7042253521126
Salonac centar Beograda 76m2,325000,"Beograd, Opština Stari grad, Dorćol, Dositejeva",76.0,3.0,4276.315789473684
Fukcionalan 2.0 stan adaptibilan u 3.0 na B. Kosi,239000,"Beograd, Opština Novi Beograd, Bežanijska kosa 3, Viktora Novaka",85.0,2.0,2811.764705882353
"Porodičan stan na najtraženijoj lokaciji, Dedinje",1150000,"Beograd, Opština Savski venac, Dedinje",213.0,5.0,5399.0610328638495
Lep dvosoban stan na Lionu,186000,"Beograd, Opština Zvezdara, Lion, Čede Mijatovića",50.0,2.0,3720.0
"Izuzetna prilika, stan sa garažom u centru grada",420000,"Beograd, Opština Vračar, Cvetni trg, Mišarska",65.0,2.0,6461.538461538462
Stan na idealnoj lokaciji ID#25415,129000,"Beograd, Opština Voždovac, Autokomanda, Gospodara Vučića",27.0,1.0,4777.777777777777
"Moderan namešten 2.0 - Dorćol, Cara Dušana ID#1054",250000,"Beograd, Opština Stari grad, Dorćol, Cara Dušana",45.0,2.0,5555.555555555556
Top lokacija u Železniku!,134999,"Beograd, Opština Čukarica, Železnik, Darinke Radović",59.0,2.5,2288.1186440677966
"Terminal 10,2.0 stan,bez provizije za kupce",228447,"Beograd, Opština Novi Beograd, Blok 66, Đorđa Stanojevića",62.76,2.0,3640.0095602294455
"Prodaja 3.5 stana na Vračaru, Svetozara Markovića",335000,"Beograd, Opština Vračar, Pravni fakultet, Svetozara Markovića",103.0,3.5,3252.4271844660193
"Prodajemo ušuškan dvosoban stan, Cvetni trg, 57m2",249000,"Beograd, Opština Vračar, Cvetni trg, Svetozara Markovića",57.0,2.0,4368.421052631579
Salonski 3.0 stan na Dorćolu dve stambene jedinice,325000,"Beograd, Opština Stari grad, Dorćol, Cara Uroša",67.0,3.0,4850.746268656716
"Vojvode Stepe, Trošarina, odličan 3.0 stan, 89m2",300000,"Beograd, Opština Voždovac, Trošarina, Vojvode Stepe",89.0,3.0,3370.7865168539324
"Renoviran 3.0 stan u Sarajevskoj ulici, 68m2",228000,"Beograd, Opština Savski venac, Sarajevska, Sarajevska",68.0,3.0,3352.9411764705883
"Nov porodičan 3.5 stan na Zvezdari, Duvanjska 74m2",286000,"Beograd, Opština Zvezdara, Olimp, Duvanjska",74.0,3.5,3864.864864864865
"Svetao trosoban stan sa terasom u Mirijevu, 77m2",210000,"Beograd, Opština Zvezdara, Mirijevo, Matice srpske",77.0,3.0,2727.2727272727275
Uknjižen dupleks sa dva odvojena stana na Lionu,315000,"Beograd, Opština Zvezdara, Lion, Kulina Bana",94.0,4.0,3351.063829787234
"Dvosoban stan na Vračaru, 65m2, kod Kalenić pijace",237000,"Beograd, Opština Vračar, Kalenić pijaca, Maksima Gorkog",65.0,2.0,3646.153846153846
"Renoviran 3.0 stan u ulici Maršala Birjuzova, 72m2",350000,"Beograd, Opština Stari grad, Obilićev venac, Maršala Birjuzova",72.0,3.0,4861.111111111111
"Renoviran 4.5 stan kod FDU, blok 28, 121m2, garaža",417450,"Beograd, Opština Novi Beograd, Blok 28, Bulevar Arsenija Čarnojevića",121.0,4.5,3450.0
"Troiposoban stan na Paliluli, Profesorska kolonija",249000,"Beograd, Opština Palilula, Profesorska kolonija, Nikodima Milaša",74.0,3.5,3364.864864864865
"Prodaje se nov četvorosoban stan, New Minel 112m2",429000,"Beograd, Opština Novi Beograd, Tošin bunar, Tošin bunar",112.0,4.0,3830.3571428571427
"Prodaje se 5.0 prostran stan na Dedinju, 213m2",1150000,"Beograd, Opština Savski venac, Dedinje, Neznanog junaka",213.0,5.0,5399.0610328638495
Renoviran salonski trosoban stan u Kosovskoj ulici,417000,"Beograd, Opština Stari grad, Centar, Kosovska",95.0,3.0,4389.473684210527
"Namešten, dvosoban stan, 76m2, blizina Marakane",295000,"Beograd, Opština Voždovac, Bulevar oslobođenja, Bulevar oslobođenja",76.0,2.0,3881.5789473684213
Adaptibilan 3.0 stan u ulici Strahinjića Bana 85m2,350000,"Beograd, Opština Stari grad, Dorćol, Strahinjića Bana",85.0,3.0,4117.64705882353
"Novi Beograd, Blok 61 - Dr Ivana Ribara",239000,"Beograd, Opština Novi Beograd, Blok 61, Dr Ivana Ribara",75.0,3.0,3186.6666666666665
"Zemun, 1.0 apartman , novogradnja",120000,"Beograd, Opština Zemun, Novi grad, Mačvanska",50.0,1.0,2400.0
"Čukarica, Banovo brdo - Petra Mećave",170000,"Beograd, Opština Čukarica, Banovo brdo, Petra Mećave",51.0,2.0,3333.3333333333335
Lux novogradnja Jove Ilića,195900,"Beograd, Opština Voždovac, FON - Bilećka, Jove Ilića",47.0,2.0,4168.085106382979
Bulevar JNA Jajinci 26m2 (direktno od investitora),57200,"Beograd, Opština Voždovac, Jajinci, Bulevar JNA",26.0,1.0,2200.0
Bw Victoria | odlicna investicija | pogled na grad,355000,"Beograd, Opština Savski venac, Beograd na vodi, ",62.41,2.0,5688.190995032847
Kapije Vračara-Luksuzan stan u premium kompleksu,324000,"Beograd, Opština Vračar, Južni bulevar, Južni bulevar",72.0,3.0,4500.0
BW Quartet 3 | Dom spreman za useljenje | 3.0,375000,"Beograd, Opština Savski venac, Beograd na vodi, Luke Ćelovića Trebinjca",72.0,3.0,5208.333333333333
Novi Beograd Blok 33,275000,"Beograd, Opština Novi Beograd, Blok 33, Bulevar Zorana Đinđića",71.0,3.5,3873.239436619718
Bw Libera - studio na odličnoj poziciji,195000,"Beograd, Opština Savski venac, Beograd na vodi, Bulevar Vudroa Vilsona",35.59,1.0,5479.067153694858
"Novogradnja Surčin, Lux lokacija, brzo useljivo",78945,"Beograd, Opština Surčin, Surčin (mesto), Vojvođanska",41.55,1.5,1900.0000000000002
"Novogradnja Surčin, brzo useljivo, Lux Trosoban",173831,"Beograd, Opština Surčin, Surčin (mesto), Vojvođanska",91.49,3.0,1900.0
"Cerak vinogradi, troiposoban, uknjižen, vlasnik",290000,"Beograd, Opština Čukarica, Cerak vinogradi, Vinogradski venac",95.0,3.5,3052.6315789473683
"Konjarnik, 1.5, 49m2, lođa ID#2505",138900,"Beograd, Opština Zvezdara, Konjarnik, Ustanička",49.0,1.5,2834.6938775510203
Komforan 2.5 Zemun ID#2356,164900,"Beograd, Opština Zemun, Save Kovačevića, Ohridska",62.0,2.5,2659.6774193548385
Blok 45 2.0 stan na top lokaciji ID#2174,228900,"Beograd, Opština Novi Beograd, Blok 45 (TC Enjub), Nehruova",71.0,2.0,3223.943661971831
Lux 3.0 stan na B.Kosi sa garažnim mestom ID#2239,233883,"Beograd, Opština Novi Beograd, Bežanijska kosa 2, Bežanijskih Ilegalaca",59.97,3.0,3900.0
"Učiteljsko naselje-Živka Davidovića, 96m2, I, eg",263000,"Beograd, Opština Zvezdara, Učiteljsko naselje, Živka Davidovića",96.0,3.0,2739.5833333333335
"Slavija-Kneginje Zorke, 91m2, II, cg",450000,"Beograd, Opština Vračar, Slavija, Kneginje Zorke",91.0,3.5,4945.054945054945
"Višnjička Banja, 88m2, Energoprojektove zgrade",185000,"Beograd, Opština Palilula, Višnjička Banja, Slobodana Jovanovića",88.0,3.0,2102.2727272727275
"Mirijevo-Dom zdravlja, 86m2, IV, cg",230000,"Beograd, Opština Zvezdara, Mirijevo, Matice srpske",86.0,3.0,2674.4186046511627
"BW-Metropolitan, 82m2, lux, VII,",435000,"Beograd, Opština Savski venac, Beograd na vodi, Bulevar Vudroa Vilsona",82.0,3.0,5304.878048780488
"Novije, renovirano",69500,"Beograd, Opština Voždovac, Lekino brdo, Todora Dukina",21.0,0.5,3309.5238095238096
"Skupština, 78m2, 3.0, 4/4, bez ulaganja",315000,"Beograd, Opština Stari grad, Skupština, Milutina Bojića",78.0,3.0,4038.4615384615386
Dvosoban namešten stan u elitnom delu Beograda,226000,"Beograd, Opština Savski venac, Lisičji potok, Slavka Ćuruvije",70.0,2.0,3228.5714285714284
Trosoban moderan stan na Zvezdari - 1.sprat,165000,"Beograd, Opština Zvezdara, Veliki Mokri Lug, Jovana Belića",54.14,3.0,3047.6542297746582
"Lekino brdo, 70m2, vp, eg",199500,"Beograd, Opština Voždovac, Lekino brdo, Bačvanska",70.0,2.5,2850.0
"Dorćol-Cara Dušana, 68m2, V, ta",289000,"Beograd, Opština Stari grad, Dorćol, Cara Dušana",68.0,3.0,4250.0
"Surčin-Krušedolska, 65m2, I, eg, novogradnja",139900,"Beograd, Opština Surčin, Surčin (mesto), Krušedolska",65.0,3.0,2152.3076923076924
B. kosa III MZ kod škole- pijaca,130000,"Beograd, Opština Novi Beograd, Bežanijska kosa 3, Viktora Novaka",45.0,2.0,2888.8888888888887
Blok 21 Novi Beograd,278500,"Beograd, Opština Novi Beograd, Blok 21, Bulevar Mihajla Pupina",76.0,2.0,3664.4736842105262
"Slavujev venac, 61m2, I, eg",228000,"Beograd, Opština Zvezdara, Bulbulder, Koste Taušanovića",61.0,2.0,3737.7049180327867
"Dorćol-Braće Baruh, 57m2, V, cg,",256000,"Beograd, Opština Stari grad, Dorćol, Braće Baruh",57.0,2.0,4491.228070175439
"Olimp, 60m2, IV, gas",228000,"Beograd, Opština Zvezdara, Olimp, Mirka Lukovića",60.0,3.0,3800.0
"Mirijevo-OŠ Pavle Savić, 53m2, 2.0, pr, eg",117900,"Beograd, Opština Zvezdara, Mirijevo, Podmorničara Đorđa Mitrovića",53.0,2.0,2224.5283018867926
"Lion Viva Residences, 112m2, VI, cg",469900,"Beograd, Opština Zvezdara, Lion, Milana Rakića",112.0,3.0,4195.535714285715
"Vračar, 92m2, 2.5, IV, renoviran sa parkingom",500000,"Beograd, Opština Vračar, Slavija, Krunska",92.0,2.5,5434.782608695652
"BW- Iris, 32.06m2, XIV",179900,"Beograd, Opština Savski venac, Centar, Hercegovačka",32.0,1.0,5621.875
"Kanarevo brdo, odličan uknjižen stan",129500,"Beograd, Opština Rakovica, Kanarevo brdo, Vukasovićeva",47.0,2.0,2755.31914893617
"Autokomanda-kancelarijski prostor,222m2, st",350000,"Beograd, Opština Voždovac, Autokomanda, Borisavljevićeva",222.0,5.0,1576.5765765765766
"Lipov lad-Dojranska, 57m2, III, ta",259000,"Beograd, Opština Zvezdara, Lipov lad, Dojranska",57.0,2.5,4543.859649122807
Prelep 2.5 stan u bloku 62 ID#2512,299900,"Beograd, Opština Novi Beograd, Blok 62, Jurija Gagarina",80.0,2.5,3748.75
"Lipov lad, 54m2 ID#2476",189000,"Beograd, Opština Zvezdara, Lipov lad, Kulina Bana",54.0,2.5,3500.0
"Lekino brdo,novogradnja,bez provizije za kupca ID#",191030,"Beograd, Opština Voždovac, Lekino brdo, ",54.58,1.5,3500.0
"Funkcionalan 2.5 na sjajnoj lokaciji, blok 19A ID#",204900,"Beograd, Opština Novi Beograd, Blok 19a, Milentija Popovića",59.0,2.5,3472.8813559322034
Komforan dvosoban u bloku 70 ID#2413,210000,"Beograd, Opština Novi Beograd, Blok 70 (kineski tržni centar), Jurija Gagarina",64.0,2.0,3281.25
"Renoviran, 1.5, namešten stan ID#2367",181500,"Beograd, Opština Novi Beograd, Fontana, Pariske komune",41.0,1.5,4426.829268292683
"Salonac u Smiljanićevoj, 3.0, 76m2(L+T) ID#2343",295000,"Beograd, Opština Vračar, Kalenić pijaca, Smiljanićeva",69.0,3.0,4275.36231884058
"Odmah useljiv, uknjižen, adaptibilan u 3.0",250000,"Beograd, Opština Novi Beograd, Blok 45 (TC Enjub), Jurija Gagarina",70.0,2.0,3571.4285714285716
"Svetao, funkcionalan",239000,"Beograd, Opština Novi Beograd, Blok 70 (kineski tržni centar), Jurija Gagarina",68.0,2.5,3514.705882352941
"Četvorosoban dupleks na Dorćolu sa 2 terase, 192m2",670000,"Beograd, Opština Stari grad, Dorćol, Visokog Stevana",192.0,4.0,3489.5833333333335
Strukturno najlepši trosoban stan u Kaluđerici ID#,114680,"Beograd, Opština Grocka, Kaluđerica, ",61.0,3.0,1880.0
Najbolja lokacija u Mirijevu - žuta fasadna cigla,122000,"Beograd, Opština Zvezdara, Mirijevo, Grge Jankesa",50.0,2.0,2440.0
"B.Kosa I renoviran 2.0(2,5) kod Hrama ID#2067",233000,"Beograd, Opština Novi Beograd, Bežanijska kosa 1, Nikole Dobrovića",61.0,2.0,3819.6721311475408
"Zemun naselje 13.maj, 3.0, 77m са terasom + podrum",127000,"Beograd, Opština Zemun, Batajnicki drum, Poljoprivredno dobro 13. maj",77.0,3.0,1649.3506493506493
Dupleks Sunyville,205000,"Beograd, Opština Palilula, Višnjička Banja, MirkaMilojkovića",75.0,3.0,2733.3333333333335
"Centar-kod Hotela Moskva, 137m2, II, cg,",493200,"Beograd, Opština Savski venac, Beograđanka, Lomina",137.0,4.5,3600.0
Novogradnja na Zvezdari,274000,"Beograd, Opština Zvezdara, Zeleno brdo, Živka Davidovića",81.79,3.0,3350.042792517422
"Dorćol, lux, 3.0, sa pečatom istorije",399900,"Beograd, Opština Stari grad, Dorćol, -",73.0,3.0,5478.082191780822
"Botanička bašta, 87m2, XII, cg, namešten",275000,"Beograd, Opština Palilula, Botanička bašta, Bulevar despota Stefana",87.0,3.0,3160.919540229885
"Retko u ponudi, stan sa velikim potencijalom!",230000,"Beograd, Opština Vračar, Cvetni trg, Desanke Maksimović",56.0,2.0,4107.142857142857
"Trg Republike, 134 m2 sa privatnom terasom",370000,"Beograd, Opština Stari grad, Trg Republike, Trg republike",134.0,5.0,2761.194029850746
"Stan, Lekino Brdo",230000,"Beograd, Opština Voždovac, Lekino brdo, Tetovska",60.0,2.5,3833.3333333333335
Lux stan u novoj zgradi na top lokaciji ID#137050,139680,"Beograd, Opština Zemun, Gornji grad, Cara Dušana",36.0,1.5,3880.0
"Kalenić pijaca, 82m2, II, eg",319000,"Beograd, Opština Vračar, Kalenić pijaca, Topolska",82.0,3.0,3890.243902439024
"ZEMONA Banatska Lux 1.5 Stan 41,50 m² + g.m.",170000,"Beograd, Opština Zemun, Gornji grad, Banatska",41.5,1.5,4096.385542168675
"Nova Karaburma, renoviran, 55m2",155000,"Beograd, Opština Palilula, Karaburma, Pere Ćetkovića",55.0,2.0,2818.181818181818
"Retko u ponudi, Vracar 25m2,renoviran, uknjizen",99999,"Beograd, Opština Vračar, Kalenić pijaca, Molerova",25.0,1.0,3999.96
Ekskluzivni 3.0 salonac na Vračaru,399000,"Beograd, Opština Vračar, Hram svetog Save, Mačvanska",84.0,3.0,4750.0
"U srcu Vračara, zgrada od fasadne cigle",209000,"Beograd, Opština Vračar, Krunski venac, Koče Kapetana",53.0,2.5,3943.396226415094
"Karaburma-stara okretnica, 54m2, vpr",139900,"Beograd, Opština Palilula, Karaburma, Husinskih rudara",54.0,2.0,2590.740740740741
Odličan stan kod Arene ID#15784,292800,"Beograd, Opština Novi Beograd, Blok 22, Antifašističke borbe",64.0,2.0,4575.0
"Dedinje, Stjepana Filipovića, 77m2",187000,"Beograd, Opština Savski venac, Dedinje, Stjepana Filipovića",77.0,3.0,2428.5714285714284
"ZepTerra, lux, novogradnja, opremljen, ID 25874",329000,"Beograd, Opština Novi Beograd, Blok 65, Tadije Sondermajera",70.0,2.5,4700.0
"Vračar-Kumanovska, 76m2, II, cg",360000,"Beograd, Opština Vračar, Centar, Kumanovska",76.0,3.5,4736.8421052631575
"Dvoiposoban, novogradnja, lux ID#1437",124000,"Beograd, Opština Novi Beograd, Ledine, ",56.49,2.5,2195.0787750044256
"Novogradnja, odvojena soba, keš kupci ID#1438",100000,"Beograd, Opština Novi Beograd, Ledine, ",38.54,1.5,2594.706798131811
"Podno grejanje, građevinska dozvola, keš kupci ID#",85000,"Beograd, Opština Novi Beograd, Ledine, ",42.12,2.5,2018.0436847103515
"Lux, novogradnja, Ledine ID#1443",57000,"Beograd, Opština Novi Beograd, Ledine, ",30.0,1.0,1900.0
"Neimar, 69m2, III, novogradnja",315000,"Beograd, Opština Vračar, Južni bulevar, Južni bulevar",69.0,3.0,4565.217391304348
"Zemun Cara Dušana, uknjižen, novogradnja ID#1002",160000,"Beograd, Opština Zemun, Cara Dušana, Cara Dušana",45.0,2.0,3555.5555555555557
"Blok 70, četvorospratnice, 87m2 ID#1007",335000,"Beograd, Opština Novi Beograd, Blok 70 (kineski tržni centar), Gandijeva",87.0,3.0,3850.574712643678
"Blok 63, renoviran 2.5 stan, 63m2 ID#1008",220500,"Beograd, Opština Novi Beograd, Blok 63, Jurija Gagarina",63.0,2.5,3500.0
"Žarkovo, renoviran - uknjižen",179000,"Beograd, Opština Čukarica, Žarkovo, Dušana Vlajića",72.0,3.0,2486.1111111111113
"Zvezdara-K.Taušanovića, 68m2, II, ta",239000,"Beograd, Opština Zvezdara, Bulbulder, Koste Taušanovića",68.0,3.0,3514.705882352941
"Dorćol-Kralja Petra, 66m2, III, cg",345000,"Beograd, Opština Stari grad, Dorćol, Kralja Petra",66.0,2.0,5227.272727272727
"Lion, 33m2, pr, ta",110000,"Beograd, Opština Zvezdara, Lion, Bulevar kralja Aleksandra",33.0,1.0,3333.3333333333335
"Gundulićev venac, 62m2, pr, eg",215000,"Beograd, Opština Stari grad, Dorćol, Đorđa Jovanovića",62.0,3.0,3467.7419354838707
Lux 3.0 stan na Vračaru - Južni bulevar,270000,"Beograd, Opština Vračar, Južni bulevar, Generala Horvatovića",78.13,3.0,3455.7788301548703
"Odlican stan u Zemunu 47,50m2",180000,"Beograd, Opština Zemun, Prvomajska, Banjička",47.5,2.0,3789.4736842105262
"Skadarlija, investicija ID#13075",180000,"Beograd, Opština Stari grad, Skadarlija, Cetinjska",30.0,1.0,6000.0
"Penthaus, mereno 136m2, garaža ID#15296",380000,"Beograd, Opština Voždovac, Autokomanda, Bulevar oslobođenja",115.0,4.0,3304.3478260869565
"Dorćol, dvosoban stan, mereno 42m2 ID#15440",179000,"Beograd, Opština Stari grad, Dorćol, Komnen Barjaktara",38.0,2.0,4710.526315789473
"Vračar, Kičevska, mereno 40m2, uknjižen ID#15599",205000,"Beograd, Opština Vračar, Kalenić pijaca, Kičevska",38.0,1.0,5394.736842105263
Lux duplex kod ID#15736,315000,"Beograd, Opština Palilula, Zira, Albanske spomenice",101.0,3.0,3118.8118811881186
"Novogradnja, brzo useljivo ID#15740",269500,"Beograd, Opština Voždovac, Voždovačka crkva, Vojvode Stepe",77.0,3.5,3500.0
"Kej oslobođenja, 58m2, 2.0 ID#15822",224000,"Beograd, Opština Zemun, Karađorđev trg, Karađorđev Trg",58.0,2.0,3862.0689655172414
Top lokacija kod Arene – dve funkcionalne celine,365000,"Beograd, Opština Novi Beograd, Blok 24 (Super Vero), Bulevar Arsenija Čarnojevića",95.0,3.5,3842.1052631578946
Jednosoban stan u Sarajevskoj,125000,"Beograd, Opština Savski venac, Sarajevska, Sarajevska",33.0,1.0,3787.878787878788
"Hotel Jugoslavija, 48m2",159000,"Beograd, Opština Novi Beograd, Hotel Jugoslavija, Džona Kenedija",48.0,2.0,3312.5
"Novi Železnik,dvosoban stan ID#2261",133000,"Beograd, Opština Čukarica, Novi Železnik, Darinke Radović",59.0,2.0,2254.237288135593
Prelep uknjižen 4.0 dupleks ID#2365,216000,"Beograd, Opština Rakovica, Vidikovac, Vidikovački venac",108.0,4.0,2000.0
"New Minel, luksuzan penthaus 176m2 ID#2447",692000,"Beograd, Opština Novi Beograd, Tošin bunar, Tošin bunar",176.0,4.0,3931.818181818182
"Beograđanka-Birčaninova, 54m2, IV, ta/cg",175000,"Beograd, Opština Vračar, Slavija, Birčaninova",54.0,3.0,3240.740740740741
"Meandri, dvoiposoban stan, odmah useljiv ID#2517",205000,"Beograd, Opština Zemun, Meandri, Zagorska",77.0,2.5,2662.3376623376626
"Vračar,Krunska,odmah useljiv,garaža ID#2539",585000,"Beograd, Opština Vračar, Cvetni trg, Svetozara Markovića",110.0,3.5,5318.181818181818
"Blok 45, četvorospratnica, odmah useljiv ID#2545",290000,"Beograd, Opština Novi Beograd, Blok 45 (TC Enjub), Dr Ivana Ribara",92.0,3.0,3152.1739130434785
"Penthouse -T.C Stadion, Vanđela Tome ID#3865",205000,"Beograd, Opština Voždovac, TC Stadion, Vanđela Tome",88.75,2.5,2309.8591549295775
"Dorćol, Braće Baruh 2.0, 57m2, renoviran, namešten",256000,"Beograd, Opština Stari grad, Dorćol, Braće Baruh",57.0,2.0,4491.228070175439
"Palilula, Karaburma - Salvadora Aljendea",115000,"Beograd, Opština Palilula, Karaburma, Salvadora Aljendea",43.0,1.0,2674.4186046511627
"Palilula, Stara Karaburma - Sloga",99900,"Beograd, Opština Palilula, Karaburma, Sloga",30.0,0.5,3330.0
"Zelena oaza na Miljakovcu 2–Odličan stan, 54m2",147900,"Beograd, Opština Rakovica, Miljakovac, Stevana Opačića",54.0,2.0,2738.8888888888887
Trosoban stan funkcionalnog rasporeda u Bloku 8a,223000,"Beograd, Opština Novi Beograd, Blok 8a, Bulevar Mihajla Pupina",61.0,3.0,3655.7377049180327
"Odličan 2.0 uknjižen, na top lokaciji",217000,"Beograd, Opština Novi Beograd, Bežanijska kosa 1, Marka Čelebonovića",64.0,2.0,3390.625
"Karaburma TC Big, garsonjera sa terasom",89000,"Beograd, Opština Palilula, Karaburma, Homoljska",25.0,0.5,3560.0
"Lux, uknjižen, u Palmotićevoj",398000,"Beograd, Opština Stari grad, Skupština, Palmotićeva",120.0,4.5,3316.6666666666665
"Stara Bežanija, 50m2, vpr, eg,",159000,"Beograd, Opština Novi Beograd, Stara Bežanija, Pere Segedinca",50.0,2.5,3180.0
"Kod Kluza, 50m2, dvosoban, namešten, renoviran",115000,"Beograd, Opština Zvezdara, Kluz, Dušana Radovića",50.0,2.0,2300.0
"Mirijevo-Zagrađe, 43m2, III, eg",130000,"Beograd, Opština Zvezdara, Mirijevo, Zagrađe",43.0,1.5,3023.2558139534885
Novi Beograd-Blok 61 ID#1591,105000,"Beograd, Opština Novi Beograd, Blok 61, Dr Ivana Ribara",48.0,2.0,2187.5
"Lekino brdo, 33m2, IV, cg",142000,"Beograd, Opština Voždovac, Lekino brdo, Murska",33.0,1.0,4303.030303030303
Mirijevo novogradnja | Dvoiposoban | Useljivo,138325,"Beograd, Opština Zvezdara, Mirijevo, Aleksandra Bugarskog",55.33,2.5,2500.0
Mirijevo| Mirijevo 3 | Nov,122000,"Beograd, Opština Zvezdara, Mirijevo, Podmorničara Đorđa Mitrovića",55.05,2.0,2216.1671207992736
Useljiv odmah + parking,205000,"Beograd, Opština Zemun, Save Kovačevića, Tršćanska",59.0,2.5,3474.576271186441
Osvetljen dvostrano orijentisan stan 92 m²,380000,"Beograd, Opština Novi Beograd, Bežanijska kosa 1, Partizanske avijacije",92.0,4.0,4130.434782608696
Lux stan sa pogledom,298000,"Beograd, Opština Voždovac, Trošarina, Vojvode Stepe",90.0,3.0,3311.1111111111113
"Odličan, lako adaptibilan u dvosoban",119900,"Beograd, Opština Voždovac, Braće Jerković, Braće Jerković",47.0,1.0,2551.063829787234
Vračar - kod Kajmakčalanske - nov ID#5272,275900,"Beograd, Opština Vračar, Crveni krst, Dojranska",61.0,2.5,4522.950819672131
Plato Milene i Gage-Mileševska-divan 3.5 stan! ID#,430000,"Beograd, Opština Vračar, Centar, Mileševska",100.0,3.5,4300.0
"Zahumska-Vukov spomenik, lux opremljena garsonjera",137000,"Beograd, Opština Zvezdara, Vukov Spomenik, Zahumska",30.0,1.0,4566.666666666667
"Pogled na Dunav, veća kvadratura,samo za keš kupci",146000,"Beograd, Opština Palilula, Karaburma, Marijane Gregoran",60.0,2.0,2433.3333333333335
"Banovo brdo, 33m2+7m2 ID#2501",165000,"Beograd, Opština Čukarica, Banovo brdo, Petra Lekovića",33.0,1.5,5000.0
"Lux, renoviran, 2.0, Cerak",228000,"Beograd, Opština Čukarica, Cerak vinogradi, Lipa",59.0,2.0,3864.406779661017
Gornji Dorćol Kapetan Mišina,670000,"Beograd, Opština Stari grad, Dorćol, Kapetan Mišina",155.0,4.0,4322.580645161291
"Ćalije, novogradnja, 3.0, 88(T)+Garaž. m., useljiv",160000,"Beograd, Opština Palilula, Ćalije, Ćustendilska",88.0,3.0,1818.1818181818182
"Uknjižen 2.0 stan u Viševačkoj, Rakovica",65000,"Beograd, Opština Rakovica, Centar, Viševačka",30.0,2.0,2166.6666666666665
Nov apartman kod Đeram pijace – 33m²+14m² Galerija,149000,"Beograd, Opština Zvezdara, Đeram pijaca, Šabačka",47.0,1.0,3170.2127659574467
Garsonjera – Bogoslovija – 30m2 sa terasom,129000,"Beograd, Opština Palilula, Bogoslovija, Generala Aračića",30.0,0.5,4300.0
"Novogradnja, može kredit ID#14531",111520,"Beograd, Opština Grocka, Kaluđerica, Mokroluška",56.0,1.5,1991.4285714285713
"Lux novogradnja, cena sa pdv-om ID#15925",230864,"Beograd, Opština Voždovac, Dušanovac, Ustanička",49.33,2.0,4679.99189134401
Direktna Prodaja Stana,103950,"Beograd, Opština Zemun, Altina, Ugrinovacki put 30 deo",55.0,2.5,1890.0
"Dvosoban, u Gredinoj zgradi Porečka ID#1370",175000,"Beograd, Opština Palilula, Cvijićeva, Porečka",42.0,2.0,4166.666666666667
"Nov, Jakovo, 1.5, 40m2, prizemlje ID#2117",79900,"Beograd, Opština Surčin, Jakovo, ",40.0,1.5,1997.5
"Zemun 3.5, lux, uredna dokumentacija",247500,"Beograd, Opština Zemun, Gornji grad, Gornji grad",82.0,3.5,3018.2926829268295
Penthouse | Kalvarija | 98 m² | Smart Home | Premi,295210,"Beograd, Opština Zemun, Kalvarija, Zemun",98.0,3.0,3012.3469387755104
"Lux, Arena, bez ulaganja",399000,"Beograd, Opština Novi Beograd, Blok 29, Bulevar Arsenija Čarnojevića",85.0,3.0,4694.117647058823
"LUX 3.0, kredit, vrhunski kvalitet",201000,"Beograd, Opština Zemun, Cara Dušana, -",67.0,3.0,3000.0
Expo Residence - provizija 1.5%,101750,"Beograd, Opština Novi Beograd, Ledine, Belfortska",37.0,1.5,2750.0
"Zemun, 59m trosoban, useljiv,",194000,"Beograd, Opština Zemun, Zemunske kapije, Šumadijska 16",59.0,3.0,3288.135593220339
"Dupleks 3.5 na Vidikovcu, sa privatnim dvorištem",264000,"Beograd, Opština Rakovica, Vidikovac",85.26,3.5,3096.410978184377
"Vračar 63(T) novogradnja sa velikom terasom,",267000,"Beograd, Opština Vračar, Južni bulevar, Braće Radovanović",63.0,3.0,4238.0952380952385
"Legalizacija,uskoro useljiv,opis u tekstu oglasa",76000,"Beograd, Opština Novi Beograd, Stara Bežanija, Vinogradska",44.0,1.5,1727.2727272727273
"Kej - Nestvaran pogled na Dunav, dva parking mesta",340000,"Beograd, Opština Zemun, Kej, Kej oslobođenja",73.0,3.0,4657.534246575343
Dupleks | Knez Mihailova | Prestižna lokacija,495000,"Beograd, Opština Stari grad, Knez Mihailova, Kneza Mihaila",123.0,4.0,4024.390243902439
Četvorosoban | BW Terraces | Pogled na reku | Lux,1220000,"Beograd, Opština Savski venac, Beograd na vodi, Ulica Hercegovacka 16",139.37,4.0,8753.677261964554
Dupleks | Vračar | Potpuno opremljen | Lux,1300000,"Beograd, Opština Vračar, Kalenić pijaca, Hadži Prodanova",316.0,5.0,4113.9240506329115
Pravo korišćenja krovne terase ID#9925111,305000,"Beograd, Opština Savski venac, Centar, Prilepska",88.37,4.0,3451.397533099468
Troiposoban stan na odličnoj lokaciji na Banovom b,379000,"Beograd, Opština Čukarica, Banovo brdo, ",101.0,3.5,3752.4752475247524
Komforan troiposoban stan u blizini Ada Mall-a,375000,"Beograd, Opština Čukarica, Banovo brdo, ",101.34,3.5,3700.4144464179985
BW Rima – 3.0 sa garažom po početnoj ceni,330500,"Beograd, Opština Savski venac, Beograd na vodi, Bulevar Vudroa Vilsona",76.0,3.0,4348.684210526316
Novogradnja - dvosoban - velika terasa,103800,"Beograd, Opština Zvezdara, Vojvode Vlahovića, Nikole Altomanovića",43.25,2.0,2400.0
